# Resource object code (Python 3)
# Created by: object code
# Created by: The Resource Compiler for Qt version 6.11.2
# WARNING! All changes made in this file will be lost!

from PySide6 import QtCore

qt_resource_data = b"\
\x00\x00\x01r\
\x89\
PNG\x0d\x0a\x1a\x0a\x00\x00\x00\x0dIHDR\x00\
\x00\x00\x10\x00\x00\x00\x10\x08\x03\x00\x00\x00(-\x0fS\
\x00\x00\x00\x09pHYs\x00\x00\x00v\x00\x00\x00v\
\x01N{&\x08\x00\x00\x00{PLTEGpL\
d\xae\xeb|\xb9\xefw\xb8\xf0c\xad\xeaq\xd0\xffJ\
\xa1\xe6Q\xa4\xe6\x80\xff\xff\x80\xbc\xf2D\x9f\xe4Z\xa8\
\xe9N\xa3\xe6m\xb3\xeeR\xa4\xe7r\xb6\xefn\xb3\xed\
q\xb3\xeeu\xb6\xefu\xb8\xee\x80\xb9\xf3w\xbd\xedT\
\xa6\xe7_\xaa\xe9i\xb0\xec\xbd\xdb\xff>\x9a\xe3\xb6\xd8\
\xfe[\xa9\xe9H\x9f\xe5{\xba\xf0z\xb9\xf0\xac\xd2\xfb\
\x8f\xc3\xf5\xa3\xcf\xfa\x95\xc7\xf6\xbc\xda\xffU\xa6\xe8u\
\xb6\xef\xba\xda\xfel\xb3\xedt\xe8\x10\xbf\x00\x00\x00\x19\
tRNS\x00\xcf\x1fR\xd3\x05\xfe\xf7\x02&\xfe\xea\
\xf9\xa2\xf5p\x9e\x8abk\x16:\xf3\xdf\xb8\x85\xa9!\
9\x00\x00\x00xIDAT\x18\x19m\xc1\x87\x0e\x83\
 \x14\x05\xd0\xab\x02\x0f\xd4\xee\xf9\x18\xee\x8e\xff\xff\xc2\
Fl\xd2\x92x\x0eV\x14{\xa4\xb2\x1a)\x0a'$\
\xc2X\x9f\x01\xec4\xbe\xca\xe9y\x93\x80\x15\x1a\x8bk\
7\xbd\xab\x0b\xac\x17\x1a\xd1\xbde\xee\x03Y\xe7\x85\xc6\
,W\x03\xf3k\xe8\xd8y\xa11;\xaa\x91#\xa76\
\x88\x0a\xf2\xbdc\xe6\x86\x0c\x16\xf2P\x95\x0fn\xc8\xe0\
G\xda\x96\x0c\xfe\xd9m\x8eDf\xb0\xea\x03\xcd\xb1\x07\
hagI\xec\x00\x00\x00\x00IEND\xaeB`\
\x82\
\x00\x00\x01@\
\x89\
PNG\x0d\x0a\x1a\x0a\x00\x00\x00\x0dIHDR\x00\
\x00\x00\x10\x00\x00\x00\x10\x08\x03\x00\x00\x00(-\x0fS\
\x00\x00\x00lPLTE\xff\xff\xffPPP\xa1\xa1\
\xa1\x9d\x9d\x9d\x97\x97\x97\x91\x91\x91\xfd\xfd\xfd\xe9\xe9\xe9\
{{{\xec\xec\xec\xea\xea\xeakkkVVV\xee\
\xee\xee\xf1\xf1\xf1\xe6\xe6\xe6\xe7\xe7\xe7\x8a\x8a\x8a\x91\x91\
\x91\x83\x83\x83sss\x97\x97\x97\x5c\x5c\x5c\xe5\xe5\xe5\
ccc\xff\xff\xffPPP\xf0\xf0\xf0\x9d\x9d\x9d\xa1\
\xa1\xa1\xb9\xb9\xb9\xe0\xe0\xe0\xbd\xbd\xbd\xbb\xbb\xbb\xb6\xb6\
\xb6\xf5\xf5\xf5\xbd\xba\xee\xf8\x00\x00\x00\x06tRNS\
\x00\x96\x96\x96\x96\x96o\x22\xb4\xf6\x00\x00\x00}ID\
ATx^E\xcaW\x0e\xc30\x0c\xc0P%mi\
g\xee=:\xef\x7f\xc7B\xb0\x90\xbc?\x02\x14\x15\x1f\
A,f'\xd8o\x12,L\x8ai\xb8_\xfb\xbb\xaa\
xM\xed\xe3\xda?5@#\xc3\xb9?\x9dst\xd2\
R)\xdd\xbfi\x8a\x97\x86Z\xa1{\x92\xd0K\x873\
tEA&\x9e\xd4\xe0\xb7\x8dYz\x12C_\x96\x8c\
\x92Q\x182 \x97\x99\xcd0/\xeb\x1a\xc9H\x19\xe8\
\xae\xf2\x1f\x81\xee*ZO\x91\xf6\x1f\xf4X\x0d\x06\xce\
\xc61t\x00\x00\x00\x00IEND\xaeB`\x82\
\x00\x00\x02I\
\x89\
PNG\x0d\x0a\x1a\x0a\x00\x00\x00\x0dIHDR\x00\
\x00\x00\x10\x00\x00\x00\x10\x08\x03\x00\x00\x00(-\x0fS\
\x00\x00\x00\x19tEXtSoftware\
\x00Adobe ImageRead\
yq\xc9e<\x00\x00\x01#PLTEGpL\
\xe5\xe5\xe5\xe4\xe4\xe4\xfc\xfc\xfc\xfb\xfb\xfb\xa1\xa1\xa1o\
oo\xa1\xa1\xa1ooo\xfe\xfe\xfez\xa8/\x8b\x8b\
\x8b\x9e\xd1\xf3\xfd\xfd\xfdv\xa5#O\xa5\xe0\x9e\x9e\x9e\
rrr\xe6\xe6\xe6\x9c\x9c\x9cvvv\x98\x98\x98y\
yy\x94\x94\x94~~~\x87\x87\x87\x90\x90\x90\x82\x82\
\x82x\xbd\xef\x90\xcb\xf3u\xba\xe7\x8d\xc5\xe7f\x97\xa1\
\x9c\xce\xf1\xb1\xdc\xf8c\xb2\xe7y\xbd\xecb\xb1\xe7l\
\x94\x83\x90\xca\xf2c\xb1\xe8\xaf\xdb\xf7T\x81\x94Yx\
\x5ca\xa8\xd4\xaa\xcd\xe4|\xaa0z\xa8.c\xb1\xe7\
H\xa1\xdeIh?_\x8f\x93P\xa5\xe0x\xbe\xec^\
\x82^\x1a@GPk\x18M\xa5\xe0\xaf\xdb\xf8\x84\xa8\
\xa4\x90\xcb\xf2\x82\xb0E{\xab0v\xa4#Y\xad\xe7\
I^'N\xa6\xe1M\xa5\xe1^\x94\x9bN\xa3\xdfR\
\xa3\xdf#<7y\xaa0Mq\x22f\xae\xe3}d\
'\x81_DQ\xa2\xd7z\xa9/\xaf\xda\xf8s\xb9\xed\
Nd.t\xa4&x\xa5$\x8a\xc5\xf18K7{\
\xa80\x8f\xb8UU\x90\x93\x82\x97\x92\x9a\xce\xf2r\xa3\
#\x82\xb0Aa\x8d\x89\xa9\xd7\xf8k\x8f\x8d\x9f\xc3\xd0\
S\x92f\xaf\x00\x00\x00\x09tRNS\x00\xff\xff\xff\
\xff\xff\xff\x96\x96\xb7S\x92\xc6\x00\x00\x00\xa7IDA\
T\x18\x19]\xc1\xb1J\x03Q\x10\x86\xd1o\xe6\xfew\
w\xd3D\x0d\xb8`a\xa1\xa5o\xe0\x1b\xf8\xeeZX\
\x0a\xd6\x16J@\x02\x1a3q\xe7F\x02\xc2B\xce\xe1\
\x94\xd17f\x1eb\x11\xcc\xfa\x10\x85\xfb2D>\xdd\
\xfd\xbe\xde\xbe\x14\x843\xec\xdf3\xae\xd6\xed\xe6\x0c\xc7\
q\x96\xd5w_\xdb\x1f\xab\xe78NQ\x1d\x16}g\
Vz\xa9\xe0lpuU\xfe\xf9\xf6\xdc\xb1A,?\
LU\xc5\xae/.\xb5\x1d\xbf\x853\xb5\x83\xdb\x9aQ\
\x89#\x92\xfd.\xcd&\x1ey \x81Q+\xfb\xb7\xd2\
\x88h\x84\x92\xa3\x124D\x128G\x87 )\x80\xcd\
r\xe2\xd4\x1f\x9cj4\xc9G\x0c\x1d\xe1\x00\x00\x00\x00\
IEND\xaeB`\x82\
\x00\x00\x03i\
\x89\
PNG\x0d\x0a\x1a\x0a\x00\x00\x00\x0dIHDR\x00\
\x00\x00\x10\x00\x00\x00\x10\x08\x06\x00\x00\x00\x1f\xf3\xffa\
\x00\x00\x00\x09pHYs\x00\x00\x0b\x13\x00\x00\x0b\x13\
\x01\x00\x9a\x9c\x18\x00\x00\x03\x1bIDATx\x9c\x9d\
\x93\xddORq\x18\xc7\x8f\xf9\xd2\x85m\xdd\xb4\xb5Z\
\x17\xb5\xae\xf2\xa2\x1bk5\x8b\x0e3Q\x84!\x18\x1d\
\xf5\x18\xeaQC\xc37D\x0b3I\x84\xa8\x80\x8c\x04\
\xc4D\xd4QYX\xab\xa6#\xdd*\xcdVh\xcb,\
\xaa\xe9B[/\xab\x96\xd5\x7fP\xa7s\xbeM\xb2\x5c\
\x17]\xd4w\xfb\xee\xf9m\xcf\xf3|\x9e\xed\xb7\xe7!\
\x88_\x02b\x08#\xe2\x16\x22\x16\xfd;G &\x9a\
\xff\x9b\x00\xc4\xc2h\x5c\x16}\x1b\x8d\xcb\x16\x01\xf1\x00\
V\x00H\x04\x90@\x10D\x8c\xd18\x16\xf7\xcb\x14u\
%vi2A\x10\xdb\x1e`\xfd\xca!(\x09+\xd6\
\x01Xuk\xe2\xd9D x\xff\xcb\xf9k\xa3\x9f<\
\xfe\xa1\xb0\xdd;\xbcq\xa1\xce\xb88\xe8\x0f\xbd|\xf9\
F\xe1\xb8\xf7\xe9i\xcd]\xc06\xf0!4\x16z|\
\xd7s>\x88f\xab\x8fo<\xd6\xce\x19\xcc\xed0\xd9\
\xfc\xe1\xce\xbe\xdb\x16\x87w\xc0z\xba+\xe88\xe1\x1e\
(\x8e6'''\xc7w\x06\x86\xa7/^\x1f\x85\xaf\
\xe7\xe2\xf7\x9eKA\xd8;.\xe3D\x9b\x9f\xeb\xea\xbb\
\xce\xb7w\x07x\xdda\x1b\xa7\xd1\xb6\xf0\x0d\xcdmh\
m\xbf\xc4\x9fr\x07\xc0\x1c0\xcc\xaf^\xbd9\x91\x10\
\x8b\xc5\xcb\x9bNzfL\x0e?\x0c\xf6n^o\xee\
\xe0|\x17\x06\xbf\x87\x9f\xceb\xfc\xd6\x1c\xc6F\x22\x08\
M\x84\xd1r\xdc\xcdQ\xaaj\xf6\xac\xf7\xdc7\xb3\xc5\
\x81\xcc\xec\xd2y\x92\xa2V\x10\x14E%\xe8M\x8eH\
\xb3\xdd\x87\x83G\xcfpVg/^L\xbf\xc2M\xdb\
\x1cZw>\x87N\xf2\x0c\x8e\x9eY\x84\x1e>G\x95\
\xee\x18\xf2\x8b\xb5\xbc\x92\xd6@\x9eW\xf1\x99$\x17\x01\
\xb5G\xac\x91\x06\x93\x0be5-\x5c\xff`\x10\xc3\xf6\
YX\xd6N\xa1:a\x0a\xca5S Ua\xf4\x85\
^\xc3\xe9\xf4!\xa7\xa8\x8e\xd7\xd4Y\x90SX\xfb9\
)\x89\xfc\x09\xa8\xa87E\xb4\x8d60\xe5z\xee\xea\
\xe0\x0d8sgP\x127\x05f]\x18\x8a\xedal\
RM\xa2np\x0e\x1d\x9e^H\x95\xea( \xb7\xf8\
\xe0\x12@]\xdd\x14\xa9\xac7#GU\xc9ux\xbb\
\x10\xe8~\x0b\xe9\xd6'\x90\x8b\xc3\x102O\xb0\xc1\xf2\
\x18\xad\xe3\xaf\xd1b8\x8e\xdd\xd2\x02^\xad5!\xaf\
\xe4\xd0\x12\x80\xd1\xe8#\xea\xca&\xeccj\xb8\x5c\x9a\
\xc1\x8d\xa1Q\x98\xce\xbd\x03i\x9e\xc6\x16\xcf4\xea\xee\
\xbdG\xff\xc0Md\xcahH)5_p\xe0\x08\xf2\
J\xf5K\x80\xc2\xfd\xba\x19F}\x08E\xa5\xb5_\xa5\
Y4+\x97)\xd8\x9e^?\xdb?2\xc9\xf6\xdfy\
\xc4\xfa|~V\xa1\xa0Y\x91L\xc5\xee\xc9\xaf\xfeF\
\xefo@^i\xc3\xc7\xa4\x85O,++\x8b\xcfg\
\xaaf\x0aKt\xa0U\x15\x1c\xbd\xaf\x1c\xe9b%\x04\
\xbb\xd2 \x93d!K\x9a\x0da\x9a\x0c\x92\xec\x22\xe4\
\x14j\x91[\x5c\xcf\x17h\x0c\xc8W7\xce\x8bD\xaa\
\xc4\xe82\x91\x82T&%\x85\xf4\xa6\xa4\x90m\x82\x1d\
B\x97P(r\x09S3];\x04i.\xc1\xae\x0c\
\x97H,wgH\xb2\xdd\xa2\x0c\xb9;]\xba\xd7\x99\
.UvJ\xe4t\xc5_\x8f\xeb\x9fEQT\xec\xff\
x\xa1\xf9\x07\x15s\xd2\xfa\xc3\xcd\xa5*\x00\x00\x00\x00\
IEND\xaeB`\x82\
\x00\x00\x01\xdf\
\x89\
PNG\x0d\x0a\x1a\x0a\x00\x00\x00\x0dIHDR\x00\
\x00\x00\x10\x00\x00\x00\x10\x08\x03\x00\x00\x00(-\x0fS\
\x00\x00\x00\xb4PLTEGpL\x99\x99\x99YY\
Y\xa1\xa1\xa1\x88\x88\x88PPPTTThhh\
\x9d\x9d\x9d\x8b\x8b\x8b\x94\x94\x94WWWeee\x81\
\x81\x81lll\x88\x88\x88LLLlll\x81\x81\
\x81PPP\xa9\xa9\xa9\xc8\xc8\xc8\xa1\xa1\xa1\xa4\xa4\xa4\
\x98\x98\x98\xe5\xe5\xe5\x81\x81\x81\xb9\xb9\xb9\xb4\xb4\xb4\xb7\
\xb7\xb7\xb8\xb8\xb8\x85\x85\x85\x9c\x9c\x9c\xcb\xcb\xcbmm\
m\x92\x92\x92\xc2\xc2\xc2\xbe\xbe\xbessszzz\
\x9f\x9f\x9f\xf4\xf4\xf4\xd2\xd2\xd2\xcf\xcf\xcfiii\x5c\
\x5c\x5c\xc6\xc6\xc6\xdb\xdb\xdb\xd7\xd7\xd7PPPLL\
L\xb0\xb0\xb0\xac\xac\xac\xdc\xdc\xdc\x8e\x8e\x8e|||\
vvv\xed\xed\xed\xec\xec\xec\x97\x97\x97Y\x5c\xbb\x16\
\x00\x00\x00\x14tRNS\x00\x95X\x96\x1bW\x96\x16\
R\x14T\x19[\x96\x96Z\x96\x90\x90`\xc5U56\
\x00\x00\x00\xc6IDAT\x18\x19=\xc0\x05\x92\xc2@\
\x10\x05\xd0\x0f$L\x82\xcaN\x8f\xc7\x15WY\xb9\xff\
\xbd\x96\x0aU<\xbc\x0d\x84\x18\xe0#\x08\x83t\xbdN\
\x830@\xa7\x17\x09\xbb=\x1e\xb7\xb6\x8d{x\x19\xb9\
_\xadOD'\xad\x7f\xdc\x08\x80\xa76\x19\x95UU\
R\xb6Q\x1e\x809?\xc4V>\x1e\xd2\xc6\x07>\x07\
\xa6\xa6\xac\x5c\xbb\xf2\xbcU\xeb\xaa\xd2L\xd1hr\x91\
\x09\x81\xd0D\x8et\x83:\xbbr\xfbd\x00{Z~\
\xcdj\xccr%\x9dX2\xb6\x14N\xaa|\x06L\x12\
\xc9I\xd4\xb5 .\x93\x09\x00\xb6\x93\xe9\x8d\xeew\xba\
\xa5r7\x06\xd0Ox\xf1'8\x17\xaa\xe0I\x1f/\
\xc3f\x9f\x9b\xa20\xf9\xfe{\x88\xce\xd7\xd8?+u\
\xf6\x99\x8f\x8f\xc5\xe5\xb2@\xe7\x1f\xdbI\x14\x9d\x8c\x82\
 ^\x00\x00\x00\x00IEND\xaeB`\x82\
\x00\x00\x01\xd2\
\x89\
PNG\x0d\x0a\x1a\x0a\x00\x00\x00\x0dIHDR\x00\
\x00\x00\x10\x00\x00\x00\x10\x08\x03\x00\x00\x00(-\x0fS\
\x00\x00\x00\xabPLTEGpL\xff\xff\xff\xff\xff\
\xff\xff\xff\xff\xff\xff\xff\xff\xff\xff\xff\xff\xff\xff\xff\xff\
\xff\xff\xff\xff\xff\xff\xff\xff\xff\xff\xff\xff\xff\xff\xff\xff\
\xff\xff\xff\xff\xff\xff\xff\xff\x96\xb5\xe6\x91\xb1\xe4\x93\xb3\
\xe5\x8d\xad\xe3a\x8b\xd6\x89\xa9\xe1z\xa1\xe1\x84\xa4\xdf\
\x98\xb7\xe7\x9a\xb9\xe8\x86\xa7\xe0\x8f\xaf\xe4\x82\xaa\xe3\x8b\
\xab\xe2\x85\x85\x85\x9d\xbc\xe9RRRZ\x84\xd4yy\
yccc\x97\x97\x97_\x88\xd5WWWd\x8e\xd8\
EHL999\x01\x01\x01\x09\x09\x09iq}\x8f\
\x8f\x8f\xc4\xc4\xc4\x9d\x9d\x9d\xd3\xd3\xd3\x86\x8c\x95//\
0\xb7\xb7\xb7<<<---...*2A\
\xa5\xa5\xa5\xb9\x1d&\x8b\x00\x00\x00\x10tRNS\x00\
\x0b\x08\x14\x07\x12\x09\x02\x05\x0e\x1a!&\x1e7.N\
\xd8]\x85\x00\x00\x00\xc6IDAT\x18\x19\x05@1\
N\xc40\x10\x1c\xcfn\xec\xc4\xb9+\x00D\x01\x02Q\
\xd0\xf0\xff\xf7 \x1aJt\x12!$\xb6\xcf\x9bE!\
U \x19{\x04\xe0@\x90\xa8=\x05\xe9\x0a\x80\xd5\x10\
\x02R\xa8\xd0+\x00\xa1\xca\xe1A{~l\xf1C\xb4\
\xbfo\xfe\xfdK\x9d\x0b\xdb\xed\xe5\x09\xc06\x97\xe2\xe4\
\x86\xfd\xe6r'b}Z\xfa\x91T\xc6>\x5c\xbd5\
\xf3\xb2\xd6\xb6jP\x13\x817/\xa4\x03@\xa7W\x00\
{\xa1O$F8E\xe6V\x18<\x97\xccp\xaa\xca\
#\x82\xf4L\xb2\x0c\x04\x8a\xd8\x91-[\x1c\xca \x06\
7\x15\xbe=\xc4%\x97 \xe6x\x8d\xcf_z\x88\xe7\
{\xec3:\xb0\x9e\x17W1\xfe|*\xff\xf6\xd1\xe5\
e\xf1\x13\x80\xa4\xc04b\xc2\xc0\xb3\xa6\x7f\xfana\
\xdd\xca\xbcG\x16\x00\x00\x00\x00IEND\xaeB`\
\x82\
\x00\x00\x01\xb8\
\x89\
PNG\x0d\x0a\x1a\x0a\x00\x00\x00\x0dIHDR\x00\
\x00\x00\x10\x00\x00\x00\x10\x08\x03\x00\x00\x00(-\x0fS\
\x00\x00\x00\xc0PLTEGpLJ\x93CV\xa3\
M,m(l\xbfal\xbfaj\xbb^0r+\
0r+3w.S\x9eJ^\xacTF\x8e?W\
\xa2NO\x98Fo\xc2cB\x88;b\xb1WQ\x9b\
ID\x8b=X\xa4OH\x90@\x5c\xa9R\x87\xc5\x81\
i\xacaS\x9eJ\x9b\xd0\x92\x81\xc2{\x82\xc2|\x8b\
\xc8\x83\x97\xcd\x8f\x85\xc3}}\xc0u\x9f\xd2\x96\x8a\xc6\
\x83\x8f\xc9\x87\xa9\xd8\xa0\xa5\xd5\x9bR\x95L9}3\
=\x8365y/Y\x9dTw\xb7pe\xb5Z\x85\
\xc7{\x83\xc0|^\xa1Wf\xa9^\xa6\xd6\x9dM\x97\
EE\x8c>s\xb5lw\xbao:~4h\xb9]\
b\xb2X\xa1\xd4\x98n\xaff}\xbct_\xaeUO\
\x99GG\x8f?[\xa8R\xf1\x94\xd6\x08\x00\x00\x00\x17\
tRNS\x00\x82\x82\x1a\xcbk\xd8\xcbk\xd6\x1ak\
k\xcb\xcb\x1a\xd8\xd8\xfd\xfdw\xa6\xfd\x1f\x06\xa1S\x00\
\x00\x00\x90IDAT\x18\x19\x8d\xc1\xd5\x0e\x82`\x00\
\x06\xd0\x0f$\xed\xfe\x89\xd1\xdd`\xb7\xef\xffV\x8e\x9a\
\x9bW\x9e\x83?\xb1\xdc9]\x8c\xd0\x9b1\x99\xe5V\
\xfaq2D\x8b\xd1\xdc\xab\xe7)V2E\x83\xcd\xdc\
\xca2\xef\xba\xa2Kc\xd48\xc5S\xb64\xbdt\xb4\
|\x8eZzy\xbc\xd7\x00us\xb4\x10=\x19\xa0$\
\x9b\x04\xe8\xc8OlV\xb9\x99\x88h\xc9R\xf9*\x88\
\xa1\xfa\x02\x1a\xb2\xe4\xd8\xc40\xd5\x98GkW\xda\xc4\
P\x0f>?@g_\xc4\xa7H\x14\xf0\x15\x06\xf8\x11\
\xa1\xf7\x01\xf4\x08\x0d\xa7\xfcb\x11-\x00\x00\x00\x00I\
END\xaeB`\x82\
\x00\x00\x01\xa8\
\x89\
PNG\x0d\x0a\x1a\x0a\x00\x00\x00\x0dIHDR\x00\
\x00\x00\x10\x00\x00\x00\x10\x08\x03\x00\x00\x00(-\x0fS\
\x00\x00\x00\xb7PLTEGpL[\xaaSJ\x96\
EN\x9bIg\xb9]X\xa6Qk\xbe`h\xb9]\
N\x9bI^\xaeVi\xbb_`\xb1XX\xa6Qa\
\xb1Xl\xbfbV\xa3OV\xa3OM\x98GI\x94\
Dr\xb5kp\xc3ds\xc6gb\xa5]S\xa0L\
A\x8a>V\xa4Ob\xb3Y\x93\xc8\x8cY\xa7Q^\
\xadU\x89\xbf\x82p\xadlE\x90A_\xafW\xa4\xd4\
\x9bB\x8c?\x87\xc9~\xa7\xd7\x9fD\x8e@t\xb8m\
\x81\xc4x|\xbdts\xb5m\x83\xc7z\x8f\xc5\x89[\
\xaaS\x82\xbb|[\xa9St\xc5jZ\xa5Sy\xb7\
r\x8b\xcc\x82}\xbdu\x9a\xd1\x91\x85\xc0}f\xb4^\
e\xb6[]\x9fYf\xa7ax\xb3tK\x93Fr\
Kc \x00\x00\x00\x13tRNS\x00\xb8\xae\xb6\xb6\
\xae\xae\x17\x17\xb0\xec\xec\xb3\xf1\xf1\xf1\xec\xec\xf1,g\
$\xfc\x00\x00\x00\x8dIDAT\x18\x19\xad\xc0\x03\x02\
\xc30\x00\x05\xd0\xbf2\x1d\x11\xd4\xc6l\xe3\xfe\xe7Z\
\x9a^a\x0f\x9cs\xc6\xa0<\x83 \x8f\xc1\xeb\x9a\xa1\
c?\xc2\xf0\x00^\xdc*\x0b-{t\xbdo#\xb0\
\xe3\xa5\xd8X\x90\x06\xab\x90F>\x98=\xae\x96\x06$\
gAM\xb8\x00\xec\xbe\x01\xa5g\xe2\x7f\x9c\x1e\x14}\
F\x00\x04p(\x1dB\xd2\xc5{N2\xe41M\xd6\
SH\x9a\xf8\x88o\x8389\xd3\x09AK{\x89\xb4\
\xc4.\xd9\x9f\x08:Y\x9az\x88|\xdfu\xa1dM\
\xe9y?7\xe7\x0b\xbb\xc5\x09}\xd6\x00\x00\x00\x00I\
END\xaeB`\x82\
\x00\x00\x01K\
\x89\
PNG\x0d\x0a\x1a\x0a\x00\x00\x00\x0dIHDR\x00\
\x00\x00\x10\x00\x00\x00\x10\x08\x03\x00\x00\x00(-\x0fS\
\x00\x00\x00iPLTEGpL\x1e:\x8b@g\
\xaf\x1b5\x861R\x9e)G\x96\x1c7\x88\x85\xa2\xd2\
\x86\x93\xb9Lw\xbdGp\xb77Z\xa5$@\x90;\
`\xa9Mx\xbd\xec\xec\xea\xff\xff\xffD\x81\xcdK\x87\
\xd0\xb9\xd4\xf1m\xa5\xe1+k\xc1>{\xca8v\xc7\
'?\x8c2q\xc4R\x8d\xd4X\x93\xd7^\x98\xda*\
R\xa2d\x9d\xddi\xa1\xdf\xdc\xea\xf8\xc9\xd5\xe4.U\
\xa4X\x9aJa\x00\x00\x00\x0ftRNS\x00\xf2\xf2\
\xf2\xf2\xf2\x8e\xf6\xf9\xf2\xf2\xf2\xf2\xf2\x8e\x02\xc9\x13[\
\x00\x00\x00\x82IDAT\x18\x19U\xc0\x81\x0a\x820\
\x10\x80\xe1\xffn[\x02\x8b\x90|\xff\xf7\x0b\x08\x11A\
\x1an\xed\xa2\xd9 ?\xb9e*\x9d\x12|\x8e\x14:\
\xcf\xa6\xc2\x89(12\xbaf$F|2Xh\x16\
\x8c\xa4\xd4\xca\xe8\x9a\x91Zq\xd7\x81\x9c\xacI\x04L\
\xab\x99\xe3\xc7\x99U\xf17\xfe\xad\x1e\xe3\xc4K\x808\
\xf3u\x7fUD\x11\x91y\x9a\x00fD\xf0\x83\x02\x99\
\x832\xe8\xfe(\x85\xae\x94M\xf7\xf0\x84u\xa5\x13\xb8\
\xbc\x03\x87\x0c\xee\x03\xfe^4>\xcc35\xe8\x00\x00\
\x00\x00IEND\xaeB`\x82\
\x00\x00\x01]\
\x89\
PNG\x0d\x0a\x1a\x0a\x00\x00\x00\x0dIHDR\x00\
\x00\x00\x10\x00\x00\x00\x10\x08\x06\x00\x00\x00\x1f\xf3\xffa\
\x00\x00\x00\x04gAMA\x00\x00\xaf\xc87\x05\x8a\xe9\
\x00\x00\x00\x19tEXtSoftware\
\x00Adobe ImageRead\
yq\xc9e<\x00\x00\x00\xefIDAT8\xcbc\
\xfc\xff\xff?\x03%\x80\x89\x81B0\xc4\x0c\x08\x98\xe5\
\xb1\xdbk\x92\x13\x1b\xd9\x06\xfc\xfa\xf1\xcb\xe6\xe7\xf7_\
W\x91\xc5\x18A\xb1Pz\x22\x13\x1c\x15\x7f\xff\xfce\
\xf8\xf3\xfb\x0f\xc3\xef_\x7f\x18~\xfd\xfc\x0d\xd4\x00\xc2\
\xbf\x18~\x021\x88\x96\x14\x92d\xf8\xf5\xeb7\xc3\xcd\
\xdb\xb7.\x9dj\xbf\xa0\x0f\xd2\xc3\x023\xc9J\xd8\x96\
\xe1\xef?\xa0\x01\xff\xfe\xc0\xf1\xef\xbf\x7f\x81\xf87\xc3\
\xef\x7f@\xfc\x17&\xf6\x87\xe1\xcb\x97\xafzZYj\
'\xafM\xbbe\xce\x02\xb3\x19\xa4\x10\xae\x19\xa8\xe87\
X\xf1o\x04\xfd\x17!\xf7\xeb\xf7o\x90+\x7f\xc3]\
\x00r\xf6\xfe\x87{\xb1:\x1b\xe8g0\x9b\x8b\x83\x8b\
ARR\x8a\xe1\xf5\xab\xd7\x0c\xb7o\xdc\xbdp{\xce\
=\x1bx\x18\x10\x03\x0c\x0a\xb5-\x80\x16\xec\x07\xda\xfc\
\x08\xa8Y\x9d\xe4X\xb8\xd0\x7f\xf5\x04P\xf3A\xa0k\
u1ba\x84\xe7\x05\x00\x08\xe7\xc07\xddl\xac\xd0\
\x00\x00\x00\x00IEND\xaeB`\x82\
\x00\x00\x02h\
\x89\
PNG\x0d\x0a\x1a\x0a\x00\x00\x00\x0dIHDR\x00\
\x00\x00\x10\x00\x00\x00\x10\x08\x03\x00\x00\x00(-\x0fS\
\x00\x00\x01\x1aPLTEGpL\xc8\x9bU\xce\xa6\
a\xcf\xe2\xf3\xcf\xe2\xf3\xcf\xe2\xf3\xce\xa7`\xcf\xe2\xf3\
\xcf\xe2\xf3\xcf\xe2\xf3\xbc\x84K\xbd\x86J\xbc\x86J\xc2\
\x8fN\xc1\x8eN\xcf\xe2\xf3\xc5\x95U\xb7}D\xc4\x93\
Q\xcf\xe2\xf3\xcf\xe2\xf3\xcf\xe2\xf3\xcf\xe2\xf3\xaad6\
\xael;\xc7\x98S\xca\x9f[\xce\xa5[\xcd\xa6]\xcc\
\xa0X\xbe\x89N\xbc\x85K\xbe\x89L\xbe\x88L\xc2\x8e\
O\xc1\x8dN\xbb\x80G\xcf\xe2\xf3\xbd\x85J\xbc\x83H\
\xc3\x90R\xcf\xe2\xf3\xb9~E\xcf\xe2\xf3\xce\xa6\x5c\xa7\
a5\xcf\xe2\xf3\xcd\xa3Z\xc6\x95T\xc7\x99V\xabg\
8\xb0n;\xa4]1\xcd\xa4]\xc6\x98U\xa4[2\
\x86G'\xa9d6\xaac<\xc8\x9bV\xce\xa5]\xe8\
\xd5\xa2\xdf\xc5\x8f[\xa7Q=\x826a\xb1W]\xab\
TR\x9dJ\x9e\xd1\x954x/\x8a\xc6\x83\xd6\xb5}\
\xc2\x8fV1t,\xbc\x83Of\xb6[u\xb7l\xa5\
\xd5\x9c\x85\xc5|\x99\xcf\x91\x8f\xca\x87j\xabbC\x8a\
<d\xa6]L\x95D\xc9\x9a`\xb9\x7fG/p*\
)j%-n(\xda\xbb\x7f\x81\xc2|Y\x9aR\xe3\
\xcc\x98\xfa\x1c$,\x00\x00\x00=tRNS\x00(\
\xfdqwo\xe9ki \xfd7\xaf\x86eB\xe7(\
7(tOU\xdd]|\xeb7\xaf|\xfd\xeb\xce\xeb\
\xe7\xce(s||\xe7[(fe\x17H\x86\xce\xce\
\x17Y\x0e\xce\xaf\xe5\xdcZ\xfd\xaf\xce\x0cv\x9d\x86\x00\
\x00\x00\xc0IDAT\x18\xd3e\xcf\x05\x0a\xc3@\x14\
E\xd1\xf8$\xa9\xbb\xbb\xbb{\x93Z\xbc\xee\xbe\xffm\
\x14\x86\x94\x06\xfa\x01\xe0\x9f\x07\xc0E\x90\xff\x0b\x85)\
\x0c\x0b\x8e\x9c\xdf\xbfL\x8d#(\x1ah\xd8\xad\xfaN\
\xd5\x5c^\x12x\x18K\xde\x04!\xdcq\xd1\x04\xe1\xc6\
\x0bL\xca\x0c\x81\x8ax\x08\x22\x83\x03\xda\x96M@\xc0\
P\xe0\xc6I\xb0\x9cM\xd2Q\x1dJ$\x09\xe8\xf9z\
\xe1`!\x04\x03U@\xcf\xe6+a\x7f\x98B\xe8\xd6\
\x19oi\x22l7;I\x84\xe0\xb4[\x18\xdb\xe2t\
\x94^\xea\xbd\x05\xc5\x9a\x8c\xe7\x8a\x8e\xe9S}\xf3Z\
\x13\x8a\xc9\x1ccY\xf1z\xe3\xb8\xc7\xb0\xf2+\xf2+\
<\xc7\x9f\xfb\x86F\xbf&\xcb\x8a\xcfX=\xe8]|\
m\xe4\x03\x09\xa9\x17\x8d\xcaKg\x1f\x00\x00\x00\x00I\
END\xaeB`\x82\
\x00\x00\x02]\
\x89\
PNG\x0d\x0a\x1a\x0a\x00\x00\x00\x0dIHDR\x00\
\x00\x00\x10\x00\x00\x00\x10\x08\x03\x00\x00\x00(-\x0fS\
\x00\x00\x01\x11PLTEGpL\xc8\x9bU\xcf\xe2\
\xf3\xcf\xe2\xf3\xcf\xe2\xf3\xcf\xe2\xf3\xce\xa7`\xcf\xe2\xf3\
\xcf\xe2\xf3\xcf\xe2\xf3\xcf\xe2\xf3\xbd\x86J\xbc\x86J\xc2\
\x8fN\xbf\x8bM\xc5\x95U\xc6\x97U\xc4\x93Q\xcf\xe2\
\xf3\xcf\xe2\xf3\xcf\xe2\xf3\xbc\x84I\xcf\xe2\xf3\xbd\x85K\
\xc7\x98S\xa9d6\xca\x9f[\xcc\xa0X\xcf\xa7b\xce\
\xa5[\xcd\xa6]\xcd\xa5`\xbf\x8aO\xabf8\xb7}\
D\xcf\xe2\xf3\xb0o<\xc3\x90R\xbe\x88L\xc2\x90O\
\xcf\xe2\xf3\xc0\x8bM\xc2\x8eO\xcf\xe2\xf3\xce\xa6\x5c\xcd\
\xa3Z\xbc\x85K\xaac6\xaaf6\xa4]1\xcf\xe2\
\xf3\xbb\x80G\xcd\xa4]\xc6\x98U\x86G'\xaac<\
\xc8\x9bV\xce\xa5]\xbc\x83J\xb9~E\xcf\xe2\xf3\xb7\
yC\xb7}F\xbb\x82N\xd6\xb5}\xc2\x8fV\xe8\xd4\
\xa1\xdf\xc4\x8d\xee%-\xfcnl\xf149\xec\x19\x22\
\xf7SU\xf4DG\xfaba\xa4[2\xb9\x7fG\xc9\
\x9a`\xe0\xc7\x92\xda\xbb\x7f\xe9\xd7\xa4\xfews\xf3\x9f\
\x9a\xea\x10\x1b\xdb\xbf\x86\xf4\xaa\xa3\xe3\xcc\x98\xf6\xb6\xae\
\xd6\xb4x\xf7\xc0\xb7\xf8\xc8\xbf\xf7\xda\x89\x14\x00\x00\x00\
?tRNS\x00(ql o\xe9hkwV\
7\xaf\x86\xce\xe7\xce7(tF|[\xfd|\x17\xeb\
|\xfd7\xaf\xfd\xfd](d[\xe7\xebese\xe7\
Me\x86\xeb\xe6\xed\x14R(\xce\xaf\xdc\xfd\xaf\xce\xfd\
(A|\xf0\xcf\x1a.\xed\x00\x00\x00\xbcIDAT\
\x18\x19m\xc1E\x12\xc2@\x10\x00\xc0\x89\xee\x06w\x87\
\xe0\xee\xee\xc1\xdd\x1d\xfe\xff\x10j(\x0a8\xd0\x0d\x7f\
x}\xa2Gv\xd5\x8d\xf0\x96\x16\x1bn\x86q\x18\xf4\
1x\xf1\x8a\x19SQ\xe0R\xbc6\xa2\x06\xe4+\x9b\
\x88$\x99Y\x1b\xaf\xd3\x00\x12\xddEI\x8a\xb3\x1c\xb5\
X\xa3\x80<\x0c5\xb3\x02G\x88\xad\xe4\x07$3D\
\x10(!!U\xd0\x0e\xc8\xe5\xb0P\xba\x1f/f\xf3\
\xc9\x08P\xc5\xc0\xabB\xe3\xc7\xfdz>L\x01\x19\xf5\
Z\xbe\xbd\x98\xcd'\xa3\xe91\x0c(\x91\xd4Y[\xc1\
\x8e\xffv\x19*N@jM\xd6\xde\xec*\xa7\xc1n\
[s\xc2G\xb8?\x1cl\xd6U\xf8\x0a(\xbd^?\
\x0f?\x02\xcbU\xae\x00O\x98o\x16\xacU\x7fBY\
\x00\x00\x00\x00IEND\xaeB`\x82\
\x00\x00\x02\x08\
\x89\
PNG\x0d\x0a\x1a\x0a\x00\x00\x00\x0dIHDR\x00\
\x00\x00\x10\x00\x00\x00\x10\x08\x03\x00\x00\x00(-\x0fS\
\x00\x00\x00\xf3PLTEGpL\xdf\xafc*C\
\x8f\xb6\xcc\xdf*C\x8fPv\xb9s=\x13T}\xbf\
\xa8x8\xa1\xa1\xa1V\x7f\xc0\xaa\xc5\xdb\xc9\xa4x\xca\
\x97Qs=\x13\xd0\x9eV\xc4\x91M\xaf\xc9\xdd\xc0\xd4\
\xe2\xa4\xc1\xda\xc3\xd7\xe8\xdb\xe6\xee\xda\xaa_\xb9\x85D\
\xf7\xe8\xd0\xba\xd1\xe0www\xa8x8\xb5\x81A\xd5\
\xa4[\xcb\xde\xf4\xc5\xd7\xe3\x9f\xbf\xd9\xbe\x8bH\xe8\xc6\
\x91\x9el1\xe4\xed\xf1\xd2\xe0\xec\xdc\xb9\x88Kp\xb4\
Pv\xb9Fj\xafS{\xbd\xbb\xd1\xe0\x8f\x5c&\xc9\
\xdb\xe4\xd2\xe2\xf6\xdf\xe9\xefAc\xa9\xd8\xe6\xf8\xb0\xc9\
\xdd\xe1\xeb\xef\xd6\xe3\xec\x86P\x1f<[\xa3\xd0\xac}\
\xca\xdb\xe9\xa3r4\xeb\xcb\x94\xe3\xb5g\xa6u67\
T\x9d\xa3\x91p\x87\x87\x872N\x98\xf4\xf4\xf4\x9d\x8a\
o-H\x93\xe9\xe9\xe9\xa1\xa1\xa1\x96\x96\x96\xfb\xfb\xfb\
|F\x18\xd5\xa5\x5c\xe2\xbf\x8d\xbf\xd4\xe6\xd6\xb2\x83\x96\
d+\xcd\xdd\xe5\xbf\x8cI\x8c\x91\x98\x11\x9f\xb6\xb7\x00\
\x00\x00\x0atRNS\x00\xff\xff\xff\x96\x96\x96\x96\x96\
\x96D)\x1e\xcc\x00\x00\x00\xbaIDAT\x18\xd35\
\xcfE\x02\x82P\x14@\xd1gw\x8b\xa2\x08\x8a\x82\xdd\
\x9dt\xd9\xee\x7f5\xbe\xff\xc53\xbc\xb3\x0b\x80\x12\xb6\
\x9d\x80\xbf8\xc7\x19\x8e\xeb:\x06\xc7\xc5i8\xb3\xac\
\xaa[\x96\xae\xb2\xec\x99\x86\xc3\xf1\xa4\xd4\x91r:\x1e\
h\xe8\xb4\x03\xbev\xc7\x0f\x15\xf4IR1\x0c\xcf\xdb\
\x95\xe7\xf9\xe1b1\x9d\x0a\xc2\x10\xcb\xb8\x9bC}y\
\x99*\xb5\xcaB?\x82!\x83z\xebP\x81\x94{\x0f\
6\x8f<\x1a0\xa3_\x19\xc0f\xf7\x16Eq\xce\x14\
k\xa4\x94\xe7\xe0\xed\xaah;k\xd2\xb2\xdf\x82\x97n\
\xa0\xcbjB\xcar\x7f\x81l\x9a\xd0\xa4\x17\x96QH\
\xd6 \x9a%LIZ\xcd\x18f-\x9b\xfes8\xe8\
\x0b\x7f\x01\x93\x8b\x1b5\xd0\xaf\xf1\xd5\x00\x00\x00\x00I\
END\xaeB`\x82\
\x00\x00\x01Y\
\x89\
PNG\x0d\x0a\x1a\x0a\x00\x00\x00\x0dIHDR\x00\
\x00\x00\x10\x00\x00\x00\x10\x08\x06\x00\x00\x00\x1f\xf3\xffa\
\x00\x00\x00\x04gAMA\x00\x00\xaf\xc87\x05\x8a\xe9\
\x00\x00\x00\x19tEXtSoftware\
\x00Adobe ImageRead\
yq\xc9e<\x00\x00\x00\xebIDAT8\xcbc\
\xfc\xff\xff?\x03%\x80\x89\x81B0\xc8\x0c(=\x91\
\xc9\x06\xc4\xbbI1\x80\x05\x8d\x7f\xf5\xef\x9f\xbf2\xa4\
\x18\xc0\x08\x8b\x05\xa0\xcd\x17\xc5\xd9$\xf4\xfe\xfc\xf9\xc3\
\xf0\xf0\xfdC\x86_?\x7f3\xfc\xfa\x01\xc2\xbf\x18~\
\x021\x98\xfe\x8e`\x83\xe4.\xf4_ed\x81j>\
)\xc6*\xae\xa7\xc0\xad\xc4\xf0\xe7\xdf\x1f\x06\x19n9\
0\xfd\xfb\xef_ \xfe\xcd\xf0\xfb\x1f\x10\xff\xfd\x03\x15\
\x03\xd1\xbf\x19V\xaf\x5c\x8b\xf0\x02\xd0\xd9\xbf\xff0\xfe\
a\xf8\xf5\xf7\x17X\xd1\x1f\xa0\xa2\xdf`\xc5\xbf\x114\
\xd4\x00\x90\xdc\x9f\xff@\xb1_\x7fP\xbd\x90\xb93\xee\
\xbc0\x9b\x88\x01\x073'\xc3\xc3\x97\x0f\x19^\xbf\x7f\
\x83\xd5\xd9 \xaf\x814\xff\xf9\xfd\x87\xe1\xfe\xc2G\x8c\
\x8c\xc8)1vU\xc8M\xa0B9\xa0\x06\xc7\x0di\
;N\x90\x1c\x8d@\xcd\xba@\xcd\x07\x89\xd5\x8c\xe2\x85\
\x11\x9c\x17\x00\xe3\xa1\xbb\xbczZ\xd3\xc9\x00\x00\x00\x00\
IEND\xaeB`\x82\
\x00\x00\x01\xb0\
\x89\
PNG\x0d\x0a\x1a\x0a\x00\x00\x00\x0dIHDR\x00\
\x00\x00\x10\x00\x00\x00\x10\x08\x03\x00\x00\x00(-\x0fS\
\x00\x00\x00\xbaPLTEGpLD\x8e@A\x8b\
>p\xc3da\xb1X[\xaaS[\xaaSh\xb9]\
N\x9aHq\xc4eU\xa3NX\xa6Q^\xaeVr\
\xc6fs\xc7gs\xc7gW\xa5PU\xa2N_\xaf\
WE\x8fAB\x8c?a\xb0Yx\xbap\x9f\xd1\x97\
\x5c\xaaUl\xbfbV\xa3O\x92\xc6\x8cM\x98HI\
\x94Dv\xb2r\x8a\xcd\x80m\xb1gg\xb9]Z\xa9\
RX\xa6Q^\xaeVP\x9eJk\xbd`N\x9bI\
e\xb6[\x8b\xc2\x86T\xa1Mb\xb3YJ\x96E\x89\
\xc0\x83z\xb9sv\xb8o^\xa0ZY\x9cUj\xbc\
_i\xbb_\x85\xbd\x7f\x97\xcd\x8dr\xc2h}\xb6x\
\x84\xbf|\x86\xca}g\xa8b\xa6\xd6\x9da\xa3^\x8f\
\xcf\x85J\x01\xdf\xc0\x00\x00\x00\x15tRNS\x00\xae\
\xb6\xf1\xae\xb3\xec\x17\x17\xae\xae\xf1\xf1\xec\xb8\xb3\xb8\xae\
\xb8\xf1\xec\x86}O4\x00\x00\x00\x90IDAT\x18\
\x19\xad\xc0\xd5\x01\x82\x00\x14@\xd1k\x82\x9dt\xda\x92\
a\xe7\xfek\xf9~\xd8\xc0\x03\x93\x91B\xad=\x87q\
\xf0m)\x16\xe2H[/:\xf4\x82wp\xdb#\x12\
Mw\xf2.\xf4\x9eW\xe3\x84\xd0\x9c\x87>P\x01\xcb\
0V\x88\xad\x13\x99*`\xed\xcf\xab#\xc2\x5co\xec\
\x98\xffH\xb4\xad\xb9F\xec\x0en\xea\x01\x8a\x96E\x1b\
\xc4\xe1\xee{\x802,\xf2\x8b\x8dp\xfdW\xd9\x80n\
\x91\x85v\x8cH\xdd\x8f_5\xe8\x84a\x9f\x1d\xc2S\
\x17e\xd5\x84\xe9\x8c\x9a\xbal\xf2\x03\xdb\xf7\x0d%\x1a\
^\xdaG\x00\x00\x00\x00IEND\xaeB`\x82\
\x00\x00\x01s\
\x89\
PNG\x0d\x0a\x1a\x0a\x00\x00\x00\x0dIHDR\x00\
\x00\x00\x10\x00\x00\x00\x10\x08\x03\x00\x00\x00(-\x0fS\
\x00\x00\x00\x09pHYs\x00\x00\x00v\x00\x00\x00v\
\x01N{&\x08\x00\x00\x00{PLTEGpL\
d\xae\xeb|\xb9\xefw\xb8\xf0c\xad\xeaJ\xa1\xe6q\
\xd0\xffQ\xa4\xe6\x80\xff\xff\x80\xbc\xf2D\x9f\xe4N\xa3\
\xe6Z\xa8\xe9R\xa4\xe7m\xb3\xeen\xb3\xedr\xb6\xef\
u\xb6\xefq\xb3\xeeu\xb8\xeei\xb0\xecT\xa6\xe7\x80\
\xb9\xf3w\xbd\xed_\xaa\xe9\xbd\xdb\xff>\x9a\xe3\xb6\xd8\
\xfe[\xa9\xe9H\x9f\xe5{\xba\xf0z\xb9\xf0\x95\xc7\xf6\
\xac\xd2\xfb\x8f\xc3\xf5\xbc\xda\xff\xa3\xcf\xfaU\xa6\xe8u\
\xb6\xef\xba\xda\xfel\xb3\xed\x19\xd0\xce\x98\x00\x00\x00\x19\
tRNS\x00\xcf\x1fR\xd3\xfe\x05\xf7\x02&\xfe\xf9\
\xea\xf5\xa2\x9epb\x8ak\xb8\xf3\x16:\xdfq\xb9;\
\xe5\x00\x00\x00yIDAT\x18\x19}\xc1\xd7\x12\x82\
0\x10\x05\xd0\x0b$\xd9\x04\xb0\xd7M\xa1[\xfe\xff\x0b\
\xa5\xe8\x8cy\xd0s\xf0\xd7&C\xacH\x109\x04\xc2\
\x9b\xde\x028\x17M\xc0B\x0b\x0b\xa8\xeb\xbd\xcf1\xd3\
\xc2[\x5c\xcag\xdf\x9e0\xd1\xc2;K\xa1c\xae\x8f\
\x18i\xe1\x1d\xb7\xc3\x83y\x90)Fk\xe9x\xd6\xc8\
\x1d&\x86*fv\x9d\xa7\x0c\x0bC\x15\xdf\xf2r\xaf\
\xf0a\xa8\xb6\x0a\xdf\xd2\x95E\xcc$\xf8\xe9\x05\xc9u\
\x07h\xa1\x11f\x99\x00\x00\x00\x00IEND\xaeB\
`\x82\
\x00\x00\x02T\
\x89\
PNG\x0d\x0a\x1a\x0a\x00\x00\x00\x0dIHDR\x00\
\x00\x00\x10\x00\x00\x00\x10\x08\x03\x00\x00\x00(-\x0fS\
\x00\x00\x00\xf6PLTEGpL\xff\xff\xff\xff\xff\
\xff\xff\xff\xff\xff\xff\xff\xff\xff\xff\xff\xff\xff\xff\xff\xff\
\xff\xff\xff\xff\xff\xff\xff\xff\xff\xff\xff\xff\xff\xff\xff\xff\
\xff\xff\xff\xff\xff\xff\xff\xff\xff\xff\xff\xff\xff\xff\xff\xff\
\xff\xff\xff\xff\xff\xff\xff\xff\xff\xff\xff\xff\xff\xff\xff\xff\
\x86\x86\x86\xff\xff\xff\xff\xff\xff\xff\xff\xff\xff\xff\xff'\
'',,,111AAA\x88\x88\x88\xff\xff\
\xffjjj\xff\xff\xffNNNaaa\x00\x00\x00\
\x06\x06\x06\x03\x03\x03\x96\xb5\xe6\x93\xb3\xe5\x89\xa9\xe1\x9c\
\xbb\xe8\x91\xb1\xe4\x9a\xb9\xe8\xa0\xbe\xea\x98\xb8\xe7\x9e\xbd\
\xea\x90\xaf\xe4\x8e\xae\xe3o\x98\xdc\x8c\xac\xe3\xa2\xc0\xeb\
\x85\xa6\xe0Y\x84\xd4`\x8a\xd6\x8b\xb3\xe6r\x9a\xdd\x85\
\xaf\xe5\x88\x88\x88\x83\x83\x83\x89\xb2\xe5w\xa1\xde\x8b\xab\
\xe2\x09\x09\x09cccTTT\x01\x01\x01//0\
EJR\xb7\xb7\xb7<<<999\xd3\xd3\xd3\x86\
\x8c\x95*2Aiq}\xc4\xc4\xc4\xa5\xa5\xa5}\x17\
\xedf\x00\x00\x00*tRNS\x00\x0f\x0b\x09\x04\x03\
\x17\x01\x02\x07\x12\x22\x1d(\x13.;3U\x1e$C\
\x1a*\xd2?N+6\xc7\xfe\xcd\xe2\xe2^\xbf\x5c\xc4\
\xd6\xc4\xd6\xbb\x12\xddH\xec\x00\x00\x00\xe3IDAT\
\x18\x19\x05@=K\xc3@\x18~\x9f\xf7.\x97&\xb9\
;\x0d\x15\x22RT']\xba\x14q\xf1\xff\x8f\x82\xa0\
\xa3C]\xa4\x04\xa5\xd0\x10\xdb\xfb.PAf\xa0d\
\xd4\xa5U\xbb\xf6BH\xe1\xb9\xc2j}\x8a\xc9\xa7E\
\xaeE.u]\x89Gkn\xfe\x5c7\x15/\xda&\
V\xeb\xe1\xcb\xd8\xdf\xfb\xdb\x9f\xd3\x10\x01\x15^=9\
\xe2\xc0,\xdfT\xe0%,\x91\xe3\x94dpD$\x84\
I\x9bC\x89\x84\x90\x80iCG\xa6\xab\xf6:0\x07\
@4\x0f\xfa.\xca\xfds.\xd2\x11D\x05\xee\xe6m\
\x05\xdb\x97b H\xb1\x1e\xc9\x8e\x074%\xbf\xec\x85\
\x22;\x92\xe6\x8f`\xa4O\x92\x16`=\x92&\x0a%\
qi\xfaO\xc6\xbf\x1e\x22\xb0u\x86\xa1@\xd4\xd2S\
k\xe7\xf7\x84\xa9\xbb\x14]\xeaf\x9f\xe7\xd4|\x8fS\
\x7fT\x0e\xab\x1dU^q\xcc\xac\xa2_N\xe1\x0c\xf9\
\x03f#\x02\xa6\xa8E\x00\x00\x00\x00IEND\xae\
B`\x82\
\x00\x00\x02\xab\
\x89\
PNG\x0d\x0a\x1a\x0a\x00\x00\x00\x0dIHDR\x00\
\x00\x00\x10\x00\x00\x00\x10\x08\x03\x00\x00\x00(-\x0fS\
\x00\x00\x00\x19tEXtSoftware\
\x00Adobe ImageRead\
yq\xc9e<\x00\x00\x01JPLTEGpL\
www~~~www\x9d\x9d\x9d\x9d\x9d\x9d\x9d\
\x9d\x9d\x87\x87\x87\x91\x91\x91sss~~~ii\
ioooiii\x85\x85\x85ooo\x8c\x8c\x8c\
\x85\x85\x85bbbbbb\x8c\x8c\x8c\x5c\x5c\x5c\x5c\
\x5c\x5c\x5c\x5c\x5c\x93\x93\x93\x5c\x5c\x5c\x98\x98\x98\x93\x93\
\x93XXX\x98\x98\x98XXX\x98\x98\x98\x98\x98\x98\
sss\x87\x87\x87\xef\xef\xef\xf2\xf2\xf2\xea\xea\xea\xe4\
\xe4\xe4\xce\xce\xce\xd2\xd2\xd2\x80\x80\x80\xd0\xd0\xd0xx\
x\x9e\x9e\x9e\x98\x98\x98\xc2\xd2\xe6\xda\xda\xda\x9c\x9c\x9c\
\xee\xee\xeeV\x87\xc8\xb8\xb8\xb8\xc7\xc7\xc7B{\xc5\xa5\
\xa5\xa5\xac\xac\xac\x95\x95\x95K\x84\xcb\xeb\xeb\xeb\xa8\xa8\
\xa8a\x96\xd4jjj|||\xd4\xd4\xd4ccc\
\x91\x91\x91\xe8\xe8\xe8\xbc\xbc\xbczzz\x84\x84\x84\xaf\
\xaf\xaf\x7f\x7f\x7f\xc8\xc8\xc8\x90\x90\x90\xb6\xb6\xb6\xc3\xc3\
\xc3\xf0\xf0\xf0\xe2\xe2\xe2\xa2\xa2\xa2\x8d\x8d\x8d\x86\x86\x86\
\xdc\xdc\xdc\xa4\xa4\xa4[\x8c\xcc\x97\x97\x97\xc9\xc9\xc9S\
\x86\xc9\xaa\xaa\xaa\xb3\xb3\xb3a\x92\xd0]\x90\xcf\x8b\x8b\
\x8b\xa1\xa1\xa1www\xc6\xd6\xea\xc2\xc2\xc2\xc2\xd4\xe9\
\xc6\xc6\xc6\x94\x94\x94\x8e\x8e\x8e\xf5\xf5\xf5\xe6\xe6\xe6\xf3\
\xf3\xf3\xd9\xd9\xd9\xc4\xc4\xc4\xe1\xe1\xe1\xb0\xb0\xb0\xa3\xa3\
\xa3\xf4\xf4\xf4\x9f\x9f\x9f%(\x0e/\x00\x00\x00!t\
RNS\x00\x03\x06\x0c\xc9\xfc`\x96\x96\x96\x09f\xcf\
l\xd2\xd5i\xd8\x96\x99o0'\x99\x9f\x966\x99Z\
0W\x9f\x99\x97Kp\xa8\x00\x00\x00\xcaIDAT\
\x18\xd3c`\x00\x016\x16VV\x166\x06\x18\x90U\
\xc8\xb2\xcfL\xcf\xb0\x96\x97\x82\x0aH\xc7[)g\xe7\
\xda\x9b\x98K@\xf8\x02fj\xca)9i\xa9\x89\xc6\
\xba\x22`\x01>\x0f_\xe58\x1b\x9b\x04\xfd\x08?A\
\x10\x9fISK_%\xd2\xd22\xca\xd0\x5cG\x93\x0b\
(\xc0\xa8m\xa2\xe5\x13lj\x1af\x18\xa4\xeb\xc2\x0c\
R\xc2\xe3\xe6\x1d\xa8gd\xa4\xa7n\xe0\xc9\x0f6\x83\
\xdb\xd5\xcbX\xc3J5T\xc7\xc2\x9d\x17b\x8d\x90\x7f\
\xb8\xb5Y\x8cAH\x800\xd4\x1db\x92\xb1\xc9\x16I\
\xd1\xda\xe2\xa2p\xb7\xca\xd9:8\xd8\xca0 \x00\x87\
\xa3\x93\x93#\x07\x9c\xcb\xae\xa4\xa4\xaa\xa1\xa1\xaa\xa4\xc4\
\x0e\x15\xb0SQSwvVWS\xb1\x83\x0ap*\
B\x01'\x90\x03\x00\x80\xe0 T\xfe\x94!\x8c\x00\x00\
\x00\x00IEND\xaeB`\x82\
\x00\x00\x01\xc4\
\x89\
PNG\x0d\x0a\x1a\x0a\x00\x00\x00\x0dIHDR\x00\
\x00\x00\x10\x00\x00\x00\x10\x08\x03\x00\x00\x00(-\x0fS\
\x00\x00\x00\xc3PLTEGpL\x06\x06\x06\x00\x00\
\x00\x03\x03\x03\x85\x85\x85jjjNNN\x88\x88\x88\
\x86\x86\x86aaa'''AAA111\x8f\
\xae\xe3\x93\xb3\xe5\x9f\xbe\xea\x91\xb1\xe4\x8c\xac\xe3\x97\xb6\
\xe6\x95\xb5\xe6\x9d\xbb\xe8\xa3\xc2\xeb\x89\xa9\xe1\x83\xa3\xdf\
\x98\xb8\xe7\x9b\xba\xe8\x8a\xaa\xe2\x89\xb2\xe5\x86\xa6\xe0[\
\x85\xd4\xa1\xc0\xeb\x85\xae\xe5_\x88\xd5\x83\xab\xe3d\x8e\
\xd8\x99\xb9\xe8\x9d\xbd\xe9\x87\xa7\xe1\x80\xa9\xe3\x9d\xbc\xe9\
a\x8b\xd6\x83\x83\x83\x88\x88\x88cccu\x9d\xde\x01\
\x01\x01\x09\x09\x09q\x9a\xdd--.:::i\x91\
\xd9\xa1\xc1\xebk\x95\xda~\xa5\xe1WWWRRR\
\x86\x8c\x95\xd3\xd3\xd3iq}\xc4\xc4\xc4\xa5\xa5\xa5*\
2AEJRz\xa1\xe1\xb7\xb7\xb7\xc33\xc4\xd8\x00\
\x00\x00\x0dtRNS\x00\xd6\xc4\xbb\xcd\xbf\xc4\xe2\xd6\
\xd6\xc7\xe2\xcd\x04\xd8%g\x00\x00\x00\xa3IDAT\
\x18\xd3e\x8fE\x12\xc30\x0c\x00S\xc6`\x83u\x1c\
\x9c\x86\xb1S\xe6\xff\xbf\xaa\xb2\xda\x9c\xe2\x83\xc6\xbb\xb3\
:\x88\xe3zo\x96\xcd\xbb\xef$_\xc0\xcc\xae)!\
\xc4u}?\xca\xef'\x10\xe3\xf4\xa2i\x9a#\x8a\xaa\
u;OYH\x10c\xd52\x95\x027]\xc7\xf9\xe1\
F\xa8Q\xf8\xac\x0e\x01\x05\xe9\x80\x22\x8a\xad\xd0T\x00\
y~\x8f\xe2\x885\xa0\xbc\x0dP\xbc\x19J\xbc,\xeb\
z\x82\xa2`5C\xdb\xf6P\xd4X\xeb;\xdb0(\
\xe3U\xfb\xfa\xa3\xf1\xac\x06 \xdaO\x13\x04\x89\xe7Q\
J\xabG\x09b\xdd,\xbb\xe3F\xe5\xb0\x7f\xfc\x174\
\x92\x11nQ\x8f\x92Q\x00\x00\x00\x00IEND\xae\
B`\x82\
\x00\x00\x01\xbb\
\x89\
PNG\x0d\x0a\x1a\x0a\x00\x00\x00\x0dIHDR\x00\
\x00\x00\x10\x00\x00\x00\x10\x08\x03\x00\x00\x00(-\x0fS\
\x00\x00\x00\xc3PLTEGpLT\xa0Ko\xc2\
cZ\xa6Pl\xbfaP\x9aHX\xa5OP\x9bG\
C\x8b<l\xbfaR\x9cII\x92B^\xacTW\
\xa2N^\xabTB\x88;O\x98F=\x837i\xba\
^k\xbc_b\xb1W\x5c\xa9RM\x96EK\x94C\
\xa1\xd3\x97+l'\x9e\xd1\x95\x8f\xc9\x87\x97\xcd\x8f\x80\
\xc0w\xa9\xd8\xa0\x83\xc3}\x92\xca\x8a\xa4\xd4\x9bD\x8b\
=M\x91H/q*\x85\xc7{e\xb5ZQ\x94K\
7{1c\xa5[\x8c\xc8\x83\x94\xcb\x8c\x81\xc2{z\
\xbaq\xa6\xd6\x9d\x9a\xcf\x92\x87\xc5\x80}\xbduH\x91\
A=\x837p\xb2hq\xb5hb\xb1W:~4\
h\xb9]x\xb9ph\xaa`\x83\xc0|z\xbbtA\
\x88:Y\x9cS@\x869]\x9fW\xcb\xaa\x03\xe9\x00\
\x00\x00\x18tRNS\x00\x82\x1ak\xcb\xfd\x82\x1ak\
k\xcb\xcbk\xcb\xd8\xd8\xcb\xd3\xd8\xd8\xd8\xfdw\xa6\x06\
\x86\xb1^\x00\x00\x00\x8fIDAT\x18\x19\x8d\xc0E\
\x16\x82P\x00\x05\xd0gPv\x0b\x9f\xee\x942\xb1\xf7\
\xbf*\x0f5`\xe6\xc5\x9f\xb8\xf5\xcd\xd9L\xd0\xea\x0f\
m^\x89\xa5b\xca\xa06\x0c\x14^\xd7\x13R,P\
\xe1l%&r&%\xd2\x9dEiE\x08\xd9\xd2=\
*\x08\x1fs\x94\x1c\x9d\xcfh`\x97\x1b\xaf#J\x17\
\x9e\x1cz@\x8e\xd6L\xd44j\x0f\xe3\x83\xc6\xe0\x1c\
j\xa2o|\xdf\x1e\x1a\xa3\x93\xa8\xa6\xa9\x1a\xb9\x16j\
\xcc\xd8\x7f\xaa\x91\x9c\x99\x02Z\xec\xf2\xea\xb9\xa6\x80\x0e\
K@\x97\x80\xca\x0f\x1c\xd4\x0e\x0e\x13\xab;R\x00\x00\
\x00\x00IEND\xaeB`\x82\
\x00\x00,R\
<\
\xb8d\x18\xca\xef\x9c\x95\xcd!\x1c\xbf`\xa1\xbd\xdd\xa7\
\x00\x00\x00\x02bgB\x00\x00\x03h\x00\x00\x00X\x00\
\x00\x0e\xb0\x00\x00\x00Y\x00\x00\x0ff\x00\x00\x05\xb1\x00\
\x00\x0e\xd2\x00\x00\x05\xb2\x00\x00\x0e\xf7\x00\x00\x05\xb3\x00\
\x00\x0f\x1c\x00\x00\x05\xb4\x00\x00\x0fA\x00\x00\x05\xc1\x00\
\x00\x0f\x88\x00\x00\x05\xc2\x00\x00\x0f\xad\x00\x00\x05\xc3\x00\
\x00\x0f\xd2\x00\x00\x05\xc4\x00\x00\x0f\xf7\x00\x04\x8c\xaf\x00\
\x00\x0d8\x00\x04\xa6y\x00\x00\x15\x12\x00\x04\xa9`\x00\
\x00\x0d\x9e\x00\x05\x8bt\x00\x00\x0e\x08\x00\x05\x8b\xa4\x00\
\x00\x0eE\x00\x05\x8b\xaf\x00\x00\x1d^\x00\x05\x98\xc5\x00\
\x00\x1e\xf3\x00\x05\x98\xc5\x00\x00#\xdb\x00\x05\xc4\xaf\x00\
\x00!\x8b\x00\x105\xbe\x00\x00\x05D\x00\x17\xac\xbe\x00\
\x00\x1f\xd7\x00*\xbb\x04\x00\x00\x10]\x00*\xd0%\x00\
\x00\x10\xa0\x00+\xcf\xc7\x00\x00\x12\x22\x00G\xdf\x04\x00\
\x00\x18\x1c\x00HN%\x00\x00$\x17\x00Jcb\x00\
\x00&\xc5\x00V\x8a\xa5\x00\x00\x1ct\x00Y\xf6d\x00\
\x00\x01z\x00Y\xf6d\x00\x00\x0ab\x00]\xfb\xa8\x00\
\x00\x0e\x80\x00\x81;\xb2\x00\x00#~\x01I\xcc\x12\x00\
\x00&Y\x01S\xba\x83\x00\x00\x18S\x01\x80\x912\x00\
\x00%\x9a\x01\xcdQN\x00\x00\x03s\x02X\xa3\xd3\x00\
\x00\x08\x02\x02\xda\xb7>\x00\x00\x08\xf9\x02\xe1x\xce\x00\
\x00\x02a\x03\x01mV\x00\x00\x15\xfc\x03\x16Jn\x00\
\x00\x16j\x03\x1c\xc2\x17\x00\x00\x16\xe7\x03VG>\x00\
\x00\x07\x9d\x03\xa0D\xef\x00\x00\x1f/\x03\xbax\x12\x00\
\x00\x19\x00\x03\xd9\x80\xd9\x00\x00\x22\x19\x03\xe7H\x1c\x00\
\x00%\x22\x04l;N\x00\x00#\x22\x04\x98<\x81\x00\
\x00\x13\x1f\x04\x98I\xbc\x00\x00\x13\xab\x04\xa0\x8a%\x00\
\x00\x0dq\x04\xeb\xfd\xf4\x00\x00\x0d\xd3\x04\xfeM\x9e\x00\
\x00\x13\xe1\x05Q\x0a5\x00\x00\x113\x05\x96\xa8\xa5\x00\
\x00$\x99\x05\xd7I^\x00\x00\x18\xbd\x06k{%\x00\
\x00\x1aT\x06l\x13\xbe\x00\x00\x11\x8d\x06t{\x89\x00\
\x00!\xc1\x06\x96\xb1\x04\x00\x00$\xd4\x06\xf0\xf7N\x00\
\x00\x0c\x82\x07! \xe5\x00\x00\x04_\x07c\xd9\xce\x00\
\x00\x11\xd3\x07\xa0\x96\xd6\x00\x00\x15\x91\x07\xd4\xa5\xe2\x00\
\x00\x00\x00\x07\xd4\xa5\xe2\x00\x00\x02\x0c\x07\xd4\xa5\xe2\x00\
\x00\x13W\x07\xdfi\xe4\x00\x00\x1a\xac\x08\x186\x1f\x00\
\x00\x19`\x08\x186\x1f\x00\x00\x22p\x08!\xcb\x99\x00\
\x00\x17\x97\x08\xda4\xd7\x00\x00\x10\xd5\x09K\xbbT\x00\
\x00\x09\x82\x09\x5c:\xa2\x00\x00\x12\xb3\x09\x8cv\xd3\x00\
\x00\x10\x1c\x09\xa1\xb6\xd5\x00\x00\x0b\xbd\x0a3\x04\x04\x00\
\x00't\x0az\x9d\x1e\x00\x00\x06\x5c\x0a\x8a:n\x00\
\x00\x1e\xaa\x0a\x961N\x00\x00\x15L\x0a\xb8\x99\xe5\x00\
\x00\x00O\x0a\xf6\xb3\xd2\x00\x00&\xff\x0b\x16\xe1\xa0\x00\
\x00$E\x0bF\x1a)\x00\x00'\xba\x0bF\x1a)\x00\
\x00(f\x0b[\xbdT\x00\x00\x1d\x0d\x0b\x96\x00\x0c\x00\
\x00  \x0b\xad\x83~\x00\x00\x08x\x0b\xb0\xd3^\x00\
\x00\x05\xc9\x0b\xc4\xe5\x8e\x00\x00\x03\xf9\x0b\xd2\xd3$\x00\
\x00\x1eS\x0c\x02\x9b\x89\x00\x00(\x16\x0c\x02\xb3#\x00\
\x00\x00\xae\x0c\x04\x9aE\x00\x00\x1c%\x0cW\x8b\xee\x00\
\x00\x0a\x9a\x0cW\x8e\xee\x00\x00\x1a\xf7\x0c\xb5\xad\xe0\x00\
\x00\x12[\x0c\xbb\x01s\x00\x00&\x1c\x0dP\xbb\xf2\x00\
\x00 \x99\x0d\xa34e\x00\x00\x1c\xb1\x0d\xa7\xa2\xd9\x00\
\x00\x01\xac\x0d\xa8\xde\x82\x00\x00!\x14\x0d\xbd\x894\x00\
\x00\x1d\xff\x0d\xc70D\x00\x00\x1d\xa4\x0f\x01\xaeN\x00\
\x00\x04\xd5\x0f\x01\xaeN\x00\x00\x14\xa4\x0fA\xfd.\x00\
\x00\x06\xf9\x0f\xdd\xe8\x9e\x00\x00\x1a\x12\x0f\xf2\x97\xf3\x00\
\x00\x17*i\x00\x00(\xc2\x03\x00\x00\x00\x22\x04\x13\x04\
@\x045\x04H\x04:\x040\x00 \x042\x00 \x04\
:\x040\x04<\x045\x04@\x040\x04B\x040\x08\
\x00\x00\x00\x00\x06\x00\x00\x00\x0cCamera \
Error\x07\x00\x00\x00\x0cCamera\
Dialog\x01\x03\x00\x00\x00*\x04\x1a\x040\
\x04<\x045\x04@\x040\x04B\x040\x00 \x04=\
\x045\x00 \x045\x00 \x04=\x040\x04;\x048\
\x04G\x04=\x040\x08\x00\x00\x00\x00\x06\x00\x00\x00\x14\
Camera not avail\
able\x07\x00\x00\x00\x0cCameraD\
ialog\x01\x03\x00\x00\x00~\x04\x1a\x040\x04\
<\x045\x04@\x040\x04B\x040\x00 \x04=\x04\
5\x00 \x045\x00 \x04=\x040\x04;\x048\x04\
G\x04=\x040\x00 \x048\x04;\x048\x00 \x04\
5\x00 \x041\x04;\x04>\x04:\x048\x04@\x04\
0\x04=\x040\x00 \x04>\x04B\x00 \x040\x04\
=\x04B\x048\x042\x048\x04@\x04C\x04A\x04\
=\x040\x04B\x040\x00 \x04?\x04@\x04>\x04\
3\x04@\x040\x04<\x040\x08\x00\x00\x00\x00\x06\x00\
\x00\x00-Camera not av\
ailable or disab\
led by antivirus\
\x07\x00\x00\x00\x0cCameraDialo\
g\x01\x03\x00\x00\x00\x0c\x04!\x04=\x048\x04<\x04\
0\x049\x08\x00\x00\x00\x00\x06\x00\x00\x00\x05Sho\
ot\x07\x00\x00\x00\x0cCameraDia\
log\x01\x03\x00\x00\x00&\x04\x1a\x040\x04<\x04\
5\x04@\x040\x00 \x00(\x00l\x00i\x00b\x00\
g\x00p\x00h\x00o\x00t\x00o\x002\x00)\x08\
\x00\x00\x00\x00\x06\x00\x00\x00\x13Camera \
(libgphoto2)\x07\x00\x00\x00\
\x12CameraGPhotoDia\
log\x01\x03\x00\x00\x00\x22\x04\x13\x04@\x045\x04\
H\x04:\x040\x00 \x042\x00 \x04:\x040\x04\
<\x045\x04@\x040\x04B\x040\x08\x00\x00\x00\x00\
\x06\x00\x00\x00\x0cCamera Erro\
r\x07\x00\x00\x00\x12CameraGPho\
toDialog\x01\x03\x00\x00\x00\xa8\x04\x1a\
\x040\x04<\x045\x04@\x040\x04B\x040\x00 \
\x04=\x045\x00 \x045\x00 \x04=\x040\x04;\
\x048\x04G\x04=\x040\x00;\x00 \x04?\x04>\
\x04:\x040\x047\x042\x040\x04B\x00 \x04A\
\x045\x00 \x047\x040\x04?\x040\x047\x045\
\x04=\x048\x04B\x045\x00 \x04=\x040\x04A\
\x04B\x04@\x04>\x049\x04:\x048\x00.\x00 \
\x04\x17\x040\x04A\x04=\x045\x04<\x040\x04=\
\x045\x04B\x04>\x00 \x045\x00 \x044\x045\
\x040\x04:\x04B\x048\x042\x048\x04@\x040\
\x04=\x04>\x00.\x08\x00\x00\x00\x00\x06\x00\x00\x00C\
Camera is unavai\
lable; showing s\
aved settings. C\
apture is disabl\
ed.\x07\x00\x00\x00\x12CameraGP\
hotoDialog\x01\x03\x00\x00\x00H\
\x04\x1d\x040\x04A\x04B\x04@\x04>\x049\x04:\
\x048\x04B\x045\x00 \x04=\x040\x00 \x04:\
\x040\x04<\x045\x04@\x040\x04B\x040\x00 \
\x04A\x040\x00 \x047\x040\x04@\x045\x044\
\x045\x04=\x048\x00.\x08\x00\x00\x00\x00\x06\x00\x00\
\x00\x17Camera setting\
s loaded.\x07\x00\x00\x00\x12Ca\
meraGPhotoDialog\
\x01\x03\x00\x00\x000\x04\x17\x040\x04A\x04=\x045\
\x04<\x040\x04=\x045\x04B\x04>\x00 \x045\
\x00 \x04=\x045\x04C\x04A\x04?\x045\x04H\
\x04=\x04>\x00.\x08\x00\x00\x00\x00\x06\x00\x00\x00\x0f\
Capture failed.\x07\
\x00\x00\x00\x12CameraGPhoto\
Dialog\x01\x03\x00\x00\x008\x04\x17\x040\
\x04A\x04=\x045\x04<\x040\x04=\x045\x00 \
\x042\x00 \x04@\x045\x046\x048\x04<\x00 \
\x04=\x040\x00 \x04?\x04@\x045\x043\x04;\
\x045\x044\x08\x00\x00\x00\x00\x06\x00\x00\x00\x17Ca\
pture in preview\
 mode\x07\x00\x00\x00\x12Camera\
GPhotoDialog\x01\x03\x00\x00\
\x006\x04\x17\x040\x04A\x04=\x045\x04<\x040\
\x04=\x045\x00 \x04=\x040\x00 \x048\x047\
\x04>\x041\x04@\x040\x046\x045\x04=\x048\
\x045\x00.\x00.\x00.\x08\x00\x00\x00\x00\x06\x00\x00\
\x00\x12Capturing imag\
e...\x07\x00\x00\x00\x12CameraG\
PhotoDialog\x01\x03\x00\x00\x00\
J\x04\x17\x040\x04A\x04=\x045\x04<\x040\x04\
=\x045\x00 \x04=\x040\x00 \x04?\x04@\x04\
5\x044\x042\x040\x04@\x048\x04B\x045\x04\
;\x045\x04=\x00 \x04?\x04@\x045\x043\x04\
;\x045\x044\x00.\x00.\x00.\x08\x00\x00\x00\x00\
\x06\x00\x00\x00\x14Capturing p\
review...\x07\x00\x00\x00\x12Ca\
meraGPhotoDialog\
\x01\x03\x00\x00\x00L\x04\x1d\x045\x00 \x04<\x04>\
\x046\x045\x00 \x044\x040\x00 \x04A\x045\
\x00 \x048\x04=\x048\x04F\x048\x040\x04;\
\x048\x047\x048\x04@\x040\x00 \x00l\x00i\
\x00b\x00g\x00p\x00h\x00o\x00t\x00o\x002\
\x00.\x08\x00\x00\x00\x00\x06\x00\x00\x00 Coul\
d not initialize\
 libgphoto2.\x07\x00\x00\x00\
\x12CameraGPhotoDia\
log\x01\x03\x00\x00\x00X\x04\x1a\x040\x04<\x04\
5\x04@\x048\x04B\x045\x00 \x04=\x045\x00\
 \x04<\x04>\x043\x040\x04B\x00 \x044\x04\
0\x00 \x041\x04J\x044\x040\x04B\x00 \x04\
>\x04B\x04:\x04@\x048\x04B\x048\x00 \x04\
?\x04>\x042\x04B\x04>\x04@\x04=\x04>\x00\
.\x08\x00\x00\x00\x00\x06\x00\x00\x00\x1eCould\
 not re-evaluate\
 cameras.\x07\x00\x00\x00\x12Ca\
meraGPhotoDialog\
\x01\x03\x00\x00\x00^\x04\x1d\x045\x00 \x04<\x04>\
\x046\x045\x00 \x044\x040\x00 \x04A\x045\
\x00 \x04?\x04@\x04>\x04G\x045\x04B\x040\
\x04B\x00 \x04=\x040\x04A\x04B\x04@\x04>\
\x049\x04:\x048\x04B\x045\x00 \x04=\x040\
\x00 \x04:\x040\x04<\x045\x04@\x040\x04B\
\x040\x00.\x08\x00\x00\x00\x00\x06\x00\x00\x00\x1fCo\
uld not read cam\
era settings.\x07\x00\x00\
\x00\x12CameraGPhotoDi\
alog\x01\x03\x00\x00\x00*\x04\x1d\x045\x00 \
\x04A\x040\x00 \x04>\x04B\x04:\x04@\x048\
\x04B\x048\x00 \x04:\x040\x04<\x045\x04@\
\x048\x00.\x08\x00\x00\x00\x00\x06\x00\x00\x00\x14No\
 cameras detecte\
d.\x07\x00\x00\x00\x12CameraGPh\
otoDialog\x01\x03\x00\x00\x00<\x04\
\x1f\x04>\x042\x04B\x04>\x04@\x04=\x04>\x00\
 \x04>\x04B\x04:\x04@\x048\x042\x040\x04\
=\x045\x00 \x04=\x040\x00 \x04:\x040\x04\
<\x045\x04@\x048\x04B\x045\x08\x00\x00\x00\x00\
\x06\x00\x00\x00\x13Re-evaluate\
 cameras\x07\x00\x00\x00\x12Cam\
eraGPhotoDialog\x01\
\x03\x00\x00\x00B\x04\x1f\x04>\x042\x04B\x04>\x04\
@\x04=\x04>\x00 \x04>\x04B\x04:\x04@\x04\
8\x042\x040\x04=\x045\x00 \x04=\x040\x00\
 \x04:\x040\x04<\x045\x04@\x048\x04B\x04\
5\x00.\x00.\x00.\x08\x00\x00\x00\x00\x06\x00\x00\x00\
\x18Re-evaluating c\
ameras...\x07\x00\x00\x00\x12Ca\
meraGPhotoDialog\
\x01\x03\x00\x00\x00H\x04'\x045\x04B\x045\x04=\
\x045\x00 \x04=\x040\x00 \x04=\x040\x04A\
\x04B\x04@\x04>\x049\x04:\x048\x04B\x045\
\x00 \x04=\x040\x00 \x04:\x040\x04<\x045\
\x04@\x040\x04B\x040\x00.\x00.\x00.\x08\x00\
\x00\x00\x00\x06\x00\x00\x00\x1aReading \
camera settings.\
..\x07\x00\x00\x00\x12CameraGPh\
otoDialog\x01\x03\x00\x00\x00\x8a\x04\
\x12\x04J\x047\x04A\x04B\x040\x04=\x04>\x04\
2\x04O\x042\x040\x04=\x045\x00 \x04=\x04\
0\x00 \x04?\x04J\x04@\x042\x04>\x04=\x04\
0\x04G\x040\x04;\x04=\x04>\x04B\x04>\x00\
 \x04<\x04O\x04A\x04B\x04>\x00 \x047\x04\
0\x00 \x047\x040\x04A\x04=\x045\x04<\x04\
0\x04=\x045\x00 \x04A\x04;\x045\x044\x00\
 \x042\x04A\x04O\x04:\x040\x00 \x04A\x04\
=\x048\x04<\x04:\x040\x08\x00\x00\x00\x00\x06\x00\
\x00\x00/Restore origi\
nal capture targ\
et after each sh\
ot\x07\x00\x00\x00\x12CameraGPh\
otoDialog\x01\x03\x00\x00\x00\x0c\x04\
!\x04=\x048\x04<\x040\x049\x08\x00\x00\x00\x00\
\x06\x00\x00\x00\x05Shoot\x07\x00\x00\x00\x12C\
ameraGPhotoDialo\
g\x01\x03\x00\x00\x00\xb2\x04!\x04B\x040\x04=\x04\
4\x040\x04@\x04B\x04=\x04>\x04B\x04>\x00\
 \x047\x040\x04A\x04=\x045\x04<\x040\x04\
=\x045\x00 \x045\x00 \x04=\x045\x044\x04\
>\x04A\x04B\x04J\x04?\x04=\x04>\x00,\x00\
 \x04>\x04A\x042\x045\x04=\x00 \x040\x04\
:\x04>\x00 \x04=\x045\x00 \x045\x00 \x04\
8\x047\x041\x04@\x040\x04=\x040\x00 \x04\
F\x045\x04;\x00 \x042\x04J\x042\x00 \x04\
2\x04J\x04B\x04@\x045\x04H\x04=\x040\x04\
B\x040\x00 \x00R\x00A\x00M\x00 \x04?\x04\
0\x04<\x045\x04B\x00.\x08\x00\x00\x00\x00\x06\x00\
\x00\x00JStandard capt\
ure is unavailab\
le unless an int\
ernal-RAM target\
 is selected.\x07\x00\x00\
\x00\x12CameraGPhotoDi\
alog\x01\x03\x00\x00\x00t\x04\x17\x040\x04A\
\x04=\x045\x04B\x048\x04B\x045\x00 \x044\
\x040\x04=\x04=\x048\x00 \x04=\x045\x00 \
\x04A\x040\x00 \x042\x04J\x042\x00 \x04D\
\x04>\x04@\x04<\x040\x04B\x00 \x04=\x040\
\x00 \x04?\x04>\x044\x044\x04J\x04@\x046\
\x040\x04=\x04>\x00 \x048\x047\x04>\x041\
\x04@\x040\x046\x045\x04=\x048\x045\x08\x00\
\x00\x00\x00\x06\x00\x00\x00*The capt\
ured data is not\
 a supported ima\
ge\x07\x00\x00\x00\x12CameraGPh\
otoDialog\x01\x03\x00\x00\x00b\x04\
\x22\x040\x047\x048\x00 \x04:\x040\x04<\x04\
5\x04@\x040\x00 \x04=\x045\x00 \x04?\x04\
>\x044\x044\x04J\x04@\x046\x040\x00 \x04\
7\x040\x04A\x04=\x045\x04<\x040\x04=\x04\
5\x00 \x04=\x040\x00 \x048\x047\x04>\x04\
1\x04@\x040\x046\x045\x04=\x048\x04O\x00\
.\x08\x00\x00\x00\x00\x06\x00\x00\x00-This \
camera does not \
advertise image \
capture.\x07\x00\x00\x00\x12Cam\
eraGPhotoDialog\x01\
\x03\x00\x00\x00\x16\x04\x10\x042\x04B\x04>\x04<\x04\
0\x04B\x048\x04G\x04=\x04>\x08\x00\x00\x00\x00\
\x06\x00\x00\x00\x04Auto\x07\x00\x00\x00\x0aCr\
opDialog\x01\x03\x00\x00\x00\x08\x04\x1a\
\x04@\x04J\x043\x08\x00\x00\x00\x00\x06\x00\x00\x00\x06\
Circle\x07\x00\x00\x00\x0aCropD\
ialog\x01\x03\x00\x00\x00\x12\x04\x18\x047\x04\
@\x04O\x047\x042\x040\x04=\x045\x08\x00\x00\
\x00\x00\x06\x00\x00\x00\x04Crop\x07\x00\x00\x00\x0a\
CropDialog\x01\x03\x00\x00\x00\x10\
\x04\x12\x048\x04A\x04>\x04G\x048\x04=\x040\
\x08\x00\x00\x00\x00\x06\x00\x00\x00\x06Height\
\x07\x00\x00\x00\x0aCropDialog\x01\
\x03\x00\x00\x00\x1a\x04'\x045\x04B\x048\x04@\x04\
8\x04J\x043\x04J\x04;\x04=\x048\x04:\x08\
\x00\x00\x00\x00\x06\x00\x00\x00\x04Quad\x07\x00\x00\
\x00\x0aCropDialog\x01\x03\x00\x00\
\x00\x18\x04\x1f\x04@\x040\x042\x04>\x04J\x043\
\x04J\x04;\x04=\x048\x04:\x08\x00\x00\x00\x00\x06\
\x00\x00\x00\x04Rect\x07\x00\x00\x00\x0aCro\
pDialog\x01\x03\x00\x00\x00\x0c\x04(\x04\
8\x04@\x048\x04=\x040\x08\x00\x00\x00\x00\x06\x00\
\x00\x00\x05Width\x07\x00\x00\x00\x0aCro\
pDialog\x01\x03\x00\x00\x00\x02\x00X\x08\
\x00\x00\x00\x00\x06\x00\x00\x00\x01X\x07\x00\x00\x00\x0aC\
ropDialog\x01\x03\x00\x00\x00\x04\x00\
X\x001\x08\x00\x00\x00\x00\x06\x00\x00\x00\x02X1\x07\
\x00\x00\x00\x0aCropDialog\x01\x03\
\x00\x00\x00\x04\x00X\x002\x08\x00\x00\x00\x00\x06\x00\x00\
\x00\x02X2\x07\x00\x00\x00\x0aCropDia\
log\x01\x03\x00\x00\x00\x04\x00X\x003\x08\x00\x00\
\x00\x00\x06\x00\x00\x00\x02X3\x07\x00\x00\x00\x0aCr\
opDialog\x01\x03\x00\x00\x00\x04\x00X\
\x004\x08\x00\x00\x00\x00\x06\x00\x00\x00\x02X4\x07\x00\
\x00\x00\x0aCropDialog\x01\x03\x00\
\x00\x00\x02\x00Y\x08\x00\x00\x00\x00\x06\x00\x00\x00\x01Y\
\x07\x00\x00\x00\x0aCropDialog\x01\
\x03\x00\x00\x00\x04\x00Y\x001\x08\x00\x00\x00\x00\x06\x00\
\x00\x00\x02Y1\x07\x00\x00\x00\x0aCropDi\
alog\x01\x03\x00\x00\x00\x04\x00Y\x002\x08\x00\
\x00\x00\x00\x06\x00\x00\x00\x02Y2\x07\x00\x00\x00\x0aC\
ropDialog\x01\x03\x00\x00\x00\x04\x00\
Y\x003\x08\x00\x00\x00\x00\x06\x00\x00\x00\x02Y3\x07\
\x00\x00\x00\x0aCropDialog\x01\x03\
\x00\x00\x00\x04\x00Y\x004\x08\x00\x00\x00\x00\x06\x00\x00\
\x00\x02Y4\x07\x00\x00\x00\x0aCropDia\
log\x01\x03\x00\x00\x00\x16\x04\x17\x040\x04?\x04\
8\x04H\x048\x00 \x04:\x040\x04B\x04>\x08\
\x00\x00\x00\x00\x06\x00\x00\x00\x07Save as\
\x07\x00\x00\x00\x0fGetSaveFile\
Name\x01\x03\x00\x00\x00\x18\x00&\x04 \x045\
\x044\x040\x04:\x04B\x048\x04@\x040\x04=\
\x045\x08\x00\x00\x00\x00\x06\x00\x00\x00\x05&Edi\
t\x07\x00\x00\x00\x11ImageEdito\
rDialog\x01\x03\x00\x00\x00\x0a\x00&\x04\
$\x040\x049\x04;\x08\x00\x00\x00\x00\x06\x00\x00\x00\
\x05&File\x07\x00\x00\x00\x11Image\
EditorDialog\x01\x03\x00\x00\
\x00*\x00&\x04\x1f\x04>\x041\x048\x04@\x040\
\x04=\x045\x00 \x042\x00 \x04?\x04@\x04>\
\x047\x04>\x04@\x045\x04F\x040\x08\x00\x00\x00\
\x00\x06\x00\x00\x00\x0e&Fit to Wi\
ndow\x07\x00\x00\x00\x11ImageEd\
itorDialog\x01\x03\x00\x00\x00(\
\x00&\x04\x14\x045\x049\x04A\x04B\x042\x048\
\x04B\x045\x04;\x045\x04=\x00 \x04@\x040\
\x047\x04<\x045\x04@\x08\x00\x00\x00\x00\x06\x00\x00\
\x00\x0c&Normal Size\x07\x00\
\x00\x00\x11ImageEditorDi\
alog\x01\x03\x00\x00\x00\x18\x00&\x04\x1e\x04B\
\x042\x040\x04@\x04O\x04=\x045\x00.\x00.\
\x00.\x08\x00\x00\x00\x00\x06\x00\x00\x00\x08&Ope\
n...\x07\x00\x00\x00\x11ImageEd\
itorDialog\x01\x03\x00\x00\x00\x1e\
\x04\x17\x040\x04?\x048\x04H\x048\x00 \x00&\
\x04:\x040\x04B\x04>\x00.\x00.\x00.\x08\x00\
\x00\x00\x00\x06\x00\x00\x00\x0b&Save As\
...\x07\x00\x00\x00\x11ImageEdi\
torDialog\x01\x03\x00\x00\x00\x0e\x00\
&\x04\x18\x047\x043\x04;\x045\x044\x08\x00\x00\
\x00\x00\x06\x00\x00\x00\x05&View\x07\x00\x00\x00\
\x11ImageEditorDial\
og\x01\x03\x00\x00\x00*\x04\x10\x042\x04B\x04>\
\x04<\x040\x04B\x048\x04G\x04=\x04>\x00 \
\x048\x047\x04@\x04O\x047\x042\x040\x04=\
\x045\x08\x00\x00\x00\x00\x06\x00\x00\x00\x08Auto\
crop\x07\x00\x00\x00\x11ImageEd\
itorDialog\x01\x03\x00\x00\x006\
\x04\x1f\x04@\x045\x043\x04;\x045\x044\x00 \
\x04A\x00 \x042\x04J\x04=\x04H\x04=\x04>\
\x00 \x04?\x04@\x048\x04;\x04>\x046\x045\
\x04=\x048\x045\x08\x00\x00\x00\x00\x06\x00\x00\x00\x10\
Browse in viewer\
\x07\x00\x00\x00\x11ImageEditor\
Dialog\x01\x03\x00\x00\x00\x0c\x04\x1a\x040\
\x04<\x045\x04@\x040\x08\x00\x00\x00\x00\x06\x00\x00\
\x00\x06Camera\x07\x00\x00\x00\x11Ima\
geEditorDialog\x01\x03\
\x00\x00\x00\x22\x04\x13\x04@\x045\x04H\x04:\x040\
\x00 \x042\x00 \x04:\x040\x04<\x045\x04@\
\x040\x04B\x040\x08\x00\x00\x00\x00\x06\x00\x00\x00\x0c\
Camera Error\x07\x00\x00\x00\
\x11ImageEditorDial\
og\x01\x03\x00\x00\x00\x0a\x04\x1e\x04B\x04:\x040\
\x047\x08\x00\x00\x00\x00\x06\x00\x00\x00\x06Canc\
el\x07\x00\x00\x00\x11ImageEdit\
orDialog\x01\x03\x00\x00\x00v\x04\x17\
\x040\x04A\x04=\x045\x04B\x048\x04B\x045\
\x00 \x044\x040\x04=\x04=\x048\x00 \x04=\
\x045\x00 \x04A\x040\x00 \x042\x04J\x042\
\x00 \x04D\x04>\x04@\x04<\x040\x04B\x00 \
\x04=\x040\x00 \x04?\x04>\x044\x044\x04J\
\x04@\x046\x040\x04=\x04>\x00 \x048\x047\
\x04>\x041\x04@\x040\x046\x045\x04=\x048\
\x045\x00.\x08\x00\x00\x00\x00\x06\x00\x00\x00'Ca\
ptured data is n\
ot a supported i\
mage.\x07\x00\x00\x00\x11ImageE\
ditorDialog\x01\x03\x00\x00\x00\
6\x04\x17\x040\x04A\x04=\x045\x04<\x040\x04\
=\x045\x00 \x04=\x040\x00 \x048\x047\x04\
>\x041\x04@\x040\x046\x045\x04=\x048\x04\
5\x00.\x00.\x00.\x08\x00\x00\x00\x00\x06\x00\x00\x00\
\x12Capturing image\
...\x07\x00\x00\x00\x11ImageEdi\
torDialog\x01\x03\x00\x00\x00\x10\x04\
\x1a\x04>\x04?\x048\x04@\x040\x04=\x045\x08\
\x00\x00\x00\x00\x06\x00\x00\x00\x04Copy\x07\x00\x00\
\x00\x11ImageEditorDia\
log\x01\x03\x00\x00\x00\x18\x04\x18\x047\x04@\x04\
O\x047\x042\x040\x04=\x045\x00.\x00.\x00\
.\x08\x00\x00\x00\x00\x06\x00\x00\x00\x07Crop.\
..\x07\x00\x00\x00\x11ImageEdit\
orDialog\x01\x03\x00\x00\x008\x04\x1e\
\x04B\x04@\x04O\x047\x042\x040\x04=\x045\
\x00 \x04=\x040\x00 \x04;\x04O\x042\x040\
\x04B\x040\x00 \x04?\x04>\x04;\x04>\x042\
\x048\x04=\x040\x08\x00\x00\x00\x00\x06\x00\x00\x00\x0d\
Cut left half\x07\x00\x00\
\x00\x11ImageEditorDia\
log\x01\x03\x00\x00\x00:\x04\x1e\x04B\x04@\x04\
O\x047\x042\x040\x04=\x045\x00 \x04=\x04\
0\x00 \x044\x04O\x04A\x04=\x040\x04B\x04\
0\x00 \x04?\x04>\x04;\x04>\x042\x048\x04\
=\x040\x08\x00\x00\x00\x00\x06\x00\x00\x00\x0eCut\
 right half\x07\x00\x00\x00\x11\
ImageEditorDialo\
g\x01\x03\x00\x00\x00B\x04\x1d\x045\x00 \x04?\x04\
>\x04:\x040\x047\x042\x040\x049\x00 \x04\
B\x04>\x042\x040\x00 \x04A\x04J\x04>\x04\
1\x04I\x045\x04=\x048\x045\x00 \x04>\x04\
B\x04=\x04>\x042\x04>\x08\x00\x00\x00\x00\x06\x00\
\x00\x00\x15Don't show th\
is again\x07\x00\x00\x00\x11Ima\
geEditorDialog\x01\x03\
\x00\x00\x00\x12\x04\x18\x047\x04B\x045\x043\x04;\
\x04O\x04=\x045\x08\x00\x00\x00\x00\x06\x00\x00\x00\x0b\
Downloading\x07\x00\x00\x00\x11\
ImageEditorDialo\
g\x01\x03\x00\x00\x000\x04\x18\x047\x04B\x045\x04\
3\x04;\x04O\x04=\x045\x00 \x04=\x040\x00\
 \x04\x18\x04\x18\x00 \x04<\x04>\x044\x045\x04\
;\x00 \x00%\x00s\x08\x00\x00\x00\x00\x06\x00\x00\x00\
\x17Downloading AI \
model %s\x07\x00\x00\x00\x11Ima\
geEditorDialog\x01\x03\
\x00\x00\x00@\x04\x18\x047\x04B\x045\x043\x04;\
\x04O\x04=\x045\x00 \x04=\x040\x00 \x04\x18\
\x04\x18\x00 \x04<\x04>\x044\x045\x04;\x00 \
\x00%\x00s\x00 \x00(\x00%\x00d\x00 \x00M\
\x00B\x00)\x08\x00\x00\x00\x00\x06\x00\x00\x00\x1fDo\
wnloading AI mod\
el %s (%d MB)\x07\x00\x00\
\x00\x11ImageEditorDia\
log\x01\x03\x00\x00\x00\x0c\x04\x18\x00&\x047\x04\
E\x04>\x044\x08\x00\x00\x00\x00\x06\x00\x00\x00\x05E\
&xit\x07\x00\x00\x00\x11ImageEd\
itorDialog\x01\x03\x00\x00\x00.\
\x04\x1d\x045\x04C\x04A\x04?\x045\x04H\x04=\
\x04>\x00 \x048\x047\x04B\x045\x043\x04;\
\x04O\x04=\x045\x00:\x00 \x00%\x00s\x08\x00\
\x00\x00\x00\x06\x00\x00\x00\x16Failed t\
o download: %s\x07\x00\
\x00\x00\x11ImageEditorDi\
alog\x01\x03\x00\x00\x00\x12\x04&\x04O\x04;\
\x00 \x045\x04:\x04@\x040\x04=\x08\x00\x00\x00\
\x00\x06\x00\x00\x00\x0bFull Scree\
n\x07\x00\x00\x00\x11ImageEdito\
rDialog\x01\x03\x00\x00\x00.\x04 \x04\
5\x044\x040\x04:\x04B\x04>\x04@\x00 \x04\
=\x040\x00 \x048\x047\x04>\x041\x04@\x04\
0\x046\x045\x04=\x048\x04O\x08\x00\x00\x00\x00\
\x06\x00\x00\x00\x0cImage edito\
r\x07\x00\x00\x00\x11ImageEdito\
rDialog\x01\x03\x00\x00\x00l\x04\x18\x04\
7\x04>\x041\x04@\x040\x046\x045\x04=\x04\
8\x045\x04B\x04>\x00 \x045\x00 \x04?\x04\
@\x04>\x04<\x045\x04=\x045\x04=\x04>\x00\
.\x00 \x04\x14\x040\x00 \x04A\x045\x00 \x04\
7\x040\x04?\x040\x047\x04O\x04B\x00 \x04\
;\x048\x00 \x04?\x04@\x04>\x04<\x045\x04\
=\x048\x04B\x045\x00?\x08\x00\x00\x00\x00\x06\x00\
\x00\x00 Image was cha\
nged. Save chang\
es?\x07\x00\x00\x00\x11ImageEdi\
torDialog\x01\x03\x00\x00\x00\x12\x04\
\x1d\x040\x042\x048\x043\x040\x04F\x048\x04\
O\x08\x00\x00\x00\x00\x06\x00\x00\x00\x0aNavig\
ation\x07\x00\x00\x00\x11ImageE\
ditorDialog\x01\x03\x00\x00\x00\
(\x04!\x04;\x045\x044\x042\x040\x04I\x04\
>\x00 \x048\x047\x04>\x041\x04@\x040\x04\
6\x045\x04=\x048\x045\x08\x00\x00\x00\x00\x06\x00\
\x00\x00\x0aNext image\x07\x00\x00\
\x00\x11ImageEditorDia\
log\x01\x03\x00\x00\x00\x1a\x04!\x04;\x045\x04\
4\x042\x040\x04I\x00 \x047\x040\x04?\x04\
8\x04A\x08\x00\x00\x00\x00\x06\x00\x00\x00\x0bNex\
t record\x07\x00\x00\x00\x11Ima\
geEditorDialog\x01\x03\
\x00\x00\x00\xba\x04\x1d\x045\x00 \x045\x00 \x04:\
\x04>\x04=\x04D\x048\x043\x04C\x04@\x048\
\x04@\x040\x04=\x040\x00 \x04:\x040\x04<\
\x045\x04@\x040\x00 \x047\x040\x00 \x00l\
\x00i\x00b\x00g\x00p\x00h\x00o\x00t\x00o\
\x002\x00.\x00 \x04\x1e\x04B\x042\x04>\x04@\
\x045\x04B\x045\x00 \x04\x1a\x040\x04<\x045\
\x04@\x040\x00 \x00(\x00l\x00i\x00b\x00g\
\x00p\x00h\x00o\x00t\x00o\x002\x00)\x00,\
\x00 \x047\x040\x00 \x044\x040\x00 \x04O\
\x00 \x04:\x04>\x04=\x04D\x048\x043\x04C\
\x04@\x048\x04@\x040\x04B\x045\x00.\x08\x00\
\x00\x00\x00\x06\x00\x00\x00NNo libgp\
hoto2 camera is \
configured. Open\
 Camera (libgpho\
to2) to configur\
e one.\x07\x00\x00\x00\x11Image\
EditorDialog\x01\x03\x00\x00\
\x00 \x04\x1e\x04B\x042\x040\x04@\x04O\x04=\
\x045\x00 \x04=\x040\x00 \x04D\x040\x049\
\x04;\x08\x00\x00\x00\x00\x06\x00\x00\x00\x09Open\
 File\x07\x00\x00\x00\x11ImageE\
ditorDialog\x01\x03\x00\x00\x00\
\x12\x04\x1f\x04>\x04A\x04B\x040\x042\x04O\x04\
=\x045\x08\x00\x00\x00\x00\x06\x00\x00\x00\x05Pas\
te\x07\x00\x00\x00\x11ImageEdit\
orDialog\x01\x03\x00\x00\x00(\x04\x1f\
\x04@\x045\x044\x048\x04H\x04=\x04>\x00 \
\x048\x047\x04>\x041\x04@\x040\x046\x045\
\x04=\x048\x045\x08\x00\x00\x00\x00\x06\x00\x00\x00\x0e\
Previous image\x07\x00\
\x00\x00\x11ImageEditorDi\
alog\x01\x03\x00\x00\x00\x1c\x04\x1f\x04@\x045\
\x044\x048\x04H\x045\x04=\x00 \x047\x040\
\x04?\x048\x04A\x08\x00\x00\x00\x00\x06\x00\x00\x00\x0f\
Previous record\x07\
\x00\x00\x00\x11ImageEditorD\
ialog\x01\x03\x00\x00\x00\x1c\x04\x12\x04J\x04\
7\x04A\x04B\x040\x04=\x04>\x042\x04O\x04\
2\x040\x04=\x045\x08\x00\x00\x00\x00\x06\x00\x00\x00\
\x04Redo\x07\x00\x00\x00\x11ImageE\
ditorDialog\x01\x03\x00\x00\x00\
$\x04\x1f\x04@\x045\x04<\x040\x04E\x042\x04\
0\x04=\x045\x00 \x04=\x040\x00 \x04D\x04\
>\x04=\x040\x08\x00\x00\x00\x00\x06\x00\x00\x00\x11R\
emove background\
\x07\x00\x00\x00\x11ImageEditor\
Dialog\x01\x03\x00\x00\x00 \x04\x17\x040\
\x042\x04J\x04@\x04B\x040\x04=\x045\x00 \
\x04=\x040\x04;\x04O\x042\x04>\x08\x00\x00\x00\
\x00\x06\x00\x00\x00\x0eRotate to \
Left\x07\x00\x00\x00\x11ImageEd\
itorDialog\x01\x03\x00\x00\x00\x22\
\x04\x17\x040\x042\x04J\x04@\x04B\x040\x04=\
\x045\x00 \x04=\x040\x044\x04O\x04A\x04=\
\x04>\x08\x00\x00\x00\x00\x06\x00\x00\x00\x0fRota\
te to Right\x07\x00\x00\x00\x11\
ImageEditorDialo\
g\x01\x03\x00\x00\x00\x1a\x04\x17\x040\x042\x04J\x04\
@\x04B\x042\x040\x04=\x045\x00.\x00.\x00\
.\x08\x00\x00\x00\x00\x06\x00\x00\x00\x09Rotat\
e...\x07\x00\x00\x00\x11ImageEd\
itorDialog\x01\x03\x00\x00\x00\x12\
\x04\x17\x040\x04?\x048\x04A\x042\x040\x04=\
\x045\x08\x00\x00\x00\x00\x06\x00\x00\x00\x04Save\
\x07\x00\x00\x00\x11ImageEditor\
Dialog\x01\x03\x00\x00\x00d\x04\x14\x040\
\x00 \x04A\x045\x00 \x047\x040\x04?\x040\
\x047\x04O\x04B\x00 \x04;\x048\x00 \x04?\
\x04@\x04>\x04<\x045\x04=\x048\x04B\x045\
\x00 \x042\x00 \x04B\x045\x04:\x04C\x04I\
\x04>\x04B\x04>\x00 \x048\x047\x04>\x041\
\x04@\x040\x046\x045\x04=\x048\x045\x00?\
\x08\x00\x00\x00\x00\x06\x00\x00\x00\x1eSave c\
hanges to curren\
t image?\x07\x00\x00\x00\x11Ima\
geEditorDialog\x01\x03\
\x00\x00\x00\x18\x04\x1d\x040\x04A\x04B\x04@\x04>\
\x049\x04:\x048\x00.\x00.\x00.\x08\x00\x00\x00\
\x00\x06\x00\x00\x00\x0bSettings..\
.\x07\x00\x00\x00\x11ImageEdito\
rDialog\x01\x03\x00\x00\x00B\x04\x1f\x04\
>\x04:\x040\x047\x042\x040\x04=\x045\x00\
 \x04=\x040\x00 \x04?\x040\x04=\x045\x04\
;\x040\x00 \x047\x040\x00 \x04?\x04@\x04\
5\x042\x04J\x04@\x04B\x040\x04=\x045\x08\
\x00\x00\x00\x00\x06\x00\x00\x00\x11Show Sc\
roll Panel\x07\x00\x00\x00\x11I\
mageEditorDialog\
\x01\x03\x00\x00\x00F\x04\x1f\x04>\x04:\x040\x047\
\x042\x040\x04=\x045\x00 \x04=\x040\x00 \
\x04;\x045\x04=\x04B\x040\x04B\x040\x00 \
\x04=\x040\x00 \x04A\x04J\x04A\x04B\x04>\
\x04O\x04=\x048\x045\x04B\x04>\x08\x00\x00\x00\
\x00\x06\x00\x00\x00\x0fShow Statu\
s Bar\x07\x00\x00\x00\x11ImageE\
ditorDialog\x01\x03\x00\x00\x00\
D\x04\x1f\x04>\x04:\x040\x047\x042\x040\x04\
=\x045\x00 \x04=\x040\x00 \x04;\x045\x04\
=\x04B\x040\x04B\x040\x00 \x04A\x00 \x04\
8\x04=\x04A\x04B\x04@\x04C\x04<\x045\x04\
=\x04B\x048\x08\x00\x00\x00\x00\x06\x00\x00\x00\x0dS\
how Tool Bar\x07\x00\x00\x00\
\x11ImageEditorDial\
og\x01\x03\x00\x00\x00\x0c\x04\x1e\x04B\x04<\x04O\
\x04=\x040\x08\x00\x00\x00\x00\x06\x00\x00\x00\x04Un\
do\x07\x00\x00\x00\x11ImageEdit\
orDialog\x01\x03\x00\x00\x00$\x00&\
\x04#\x042\x045\x04;\x048\x04G\x040\x042\
\x040\x04=\x045\x00 \x00(\x002\x005\x00%\
\x00)\x08\x00\x00\x00\x00\x06\x00\x00\x00\x0eZoom\
 &In (25%)\x07\x00\x00\x00\x11I\
mageEditorDialog\
\x01\x03\x00\x00\x00\x22\x04\x1d\x00&\x040\x04<\x040\
\x04;\x04O\x042\x040\x04=\x045\x00 \x00(\
\x002\x005\x00%\x00)\x08\x00\x00\x00\x00\x06\x00\x00\
\x00\x0fZoom &Out (25%\
)\x07\x00\x00\x00\x11ImageEdito\
rDialog\x01\x03\x00\x00\x00l\x04\x18\x04\
7\x04>\x041\x04@\x040\x046\x045\x04=\x04\
8\x045\x04B\x04>\x00 \x045\x00 \x04?\x04\
@\x04>\x04<\x045\x04=\x045\x04=\x04>\x00\
.\x00 \x04\x14\x040\x00 \x04A\x045\x00 \x04\
7\x040\x04?\x040\x047\x04O\x04B\x00 \x04\
;\x048\x00 \x04?\x04@\x04>\x04<\x045\x04\
=\x048\x04B\x045\x00?\x08\x00\x00\x00\x00\x06\x00\
\x00\x00 Image was cha\
nged. Save chang\
es?\x07\x00\x00\x00\x11ImageEdi\
torWindow\x01\x03\x00\x00\x00(\x04\
\x1e\x04B\x042\x040\x04@\x04O\x04=\x045\x00\
 \x04=\x040\x00 \x04?\x040\x04?\x04:\x04\
0\x00.\x00.\x00.\x08\x00\x00\x00\x00\x06\x00\x00\x00\
\x0eOpen folder...\x07\
\x00\x00\x00\x11ImageEditorW\
indow\x01\x03\x00\x00\x00&\x04\x1f\x040\x04\
?\x04:\x040\x00 \x04A\x00 \x048\x047\x04\
>\x041\x04@\x040\x046\x045\x04=\x048\x04\
O\x08\x00\x00\x00\x00\x06\x00\x00\x00\x11Open \
image folder\x07\x00\x00\x00\
\x11ImageEditorWind\
ow\x01\x03\x00\x00\x00\x12\x04\x17\x040\x04?\x048\
\x04A\x042\x040\x04=\x045\x08\x00\x00\x00\x00\x06\
\x00\x00\x00\x04Save\x07\x00\x00\x00\x11Ima\
geEditorWindow\x01\x03\
\x00\x00\x00\x08\x04*\x043\x04J\x04;\x08\x00\x00\x00\
\x00\x06\x00\x00\x00\x05Angle\x07\x00\x00\x00\x0c\
RotateDialog\x01\x03\x00\x00\
\x00*\x04\x10\x042\x04B\x04>\x04<\x040\x04B\
\x048\x04G\x04=\x04>\x00 \x048\x047\x04@\
\x04O\x047\x042\x040\x04=\x045\x08\x00\x00\x00\
\x00\x06\x00\x00\x00\x09Auto crop\x07\
\x00\x00\x00\x0cRotateDialog\
\x01\x03\x00\x00\x00\x14\x04\x17\x040\x042\x04J\x04@\
\x04B\x042\x040\x04=\x045\x08\x00\x00\x00\x00\x06\
\x00\x00\x00\x06Rotate\x07\x00\x00\x00\x0cR\
otateDialog\x01\x03\x00\x00\x00\
$\x04\x1f\x04>\x04:\x040\x047\x042\x040\x04\
=\x045\x00 \x04=\x040\x00 \x04<\x04@\x04\
5\x046\x040\x08\x00\x00\x00\x00\x06\x00\x00\x00\x09S\
how grid\x07\x00\x00\x00\x0cRot\
ateDialog\x01\x03\x00\x00\x00:\x04\
\x18\x04\x18\x00 \x04<\x04>\x044\x045\x04;\x00\
 \x047\x040\x00 \x04?\x04@\x045\x04<\x04\
0\x04E\x042\x040\x04=\x045\x00 \x04=\x04\
0\x00 \x04D\x04>\x04=\x08\x00\x00\x00\x00\x06\x00\
\x00\x00\x1bBackground re\
mover AI model\x07\x00\
\x00\x00\x0eSettingsDialo\
g\x01\x03\x00\x00\x00B\x04\x18\x047\x04@\x04O\x04\
7\x042\x040\x04=\x045\x00 \x04A\x04;\x04\
5\x044\x00 \x04?\x04@\x045\x04<\x040\x04\
E\x042\x040\x04=\x045\x00 \x04=\x040\x00\
 \x04D\x04>\x04=\x040\x08\x00\x00\x00\x00\x06\x00\
\x00\x00\x1dCrop after ba\
ckground remover\
\x07\x00\x00\x00\x0eSettingsDia\
log\x01\x03\x00\x00\x00\x12\x04\x1d\x040\x04A\x04\
B\x04@\x04>\x049\x04:\x048\x08\x00\x00\x00\x00\
\x06\x00\x00\x00\x08Settings\x07\x00\x00\
\x00\x0eSettingsDialog\
\x01\x03\x00\x00\x002\x04&\x042\x04O\x04B\x00 \
\x04=\x040\x00 \x04D\x04>\x04=\x040\x00 \
\x04=\x040\x00 \x04?\x04@\x04>\x047\x04>\
\x04@\x045\x04F\x040\x08\x00\x00\x00\x00\x06\x00\x00\
\x00\x17Window backgro\
und color\x07\x00\x00\x00\x0eSe\
ttingsDialog\x01\x03\x00\x00\
\x00\x0c\x04&\x042\x045\x04B\x045\x04=\x08\x00\
\x00\x00\x00\x06\x00\x00\x00\x05Color\x07\x00\x00\
\x00\x14WindowSettings\
Dialog\x01\x03\x00\x00\x006\x04$\x04>\
\x04=\x04>\x042\x00 \x04F\x042\x04O\x04B\
\x00 \x04=\x040\x00 \x048\x047\x04>\x041\
\x04@\x040\x046\x045\x04=\x048\x045\x04B\
\x04>\x08\x00\x00\x00\x00\x06\x00\x00\x00\x16Imag\
e background col\
or\x07\x00\x00\x00\x14WindowSet\
tingsDialog\x01\x03\x00\x00\x00\
\x12\x04\x1f\x04@\x04>\x047\x04@\x040\x04G\x04\
5\x04=\x08\x00\x00\x00\x00\x06\x00\x00\x00\x0bTra\
nsparent\x07\x00\x00\x00\x14Win\
dowSettingsDialo\
g\x01\x03\x00\x00\x00(\x04\x12\x04A\x048\x04G\x04\
:\x048\x00 \x04D\x040\x049\x04;\x04>\x04\
2\x045\x00 \x00(\x00*\x00.\x00*\x00)\x08\
\x00\x00\x00\x00\x06\x00\x00\x00\x0fAll fil\
es (*.*)\x07\x00\x00\x00\x10rea\
dImageFilters\x01\x03\x00\
\x00\x00 \x04\x18\x047\x04>\x041\x04@\x040\x04\
6\x045\x04=\x048\x04O\x00 \x00(\x00%\x00\
s\x00)\x08\x00\x00\x00\x00\x06\x00\x00\x00\x0bIma\
ges (%s)\x07\x00\x00\x00\x10rea\
dImageFilters\x01\x03\x00\
\x00\x00(\x04\x12\x04A\x048\x04G\x04:\x048\x00\
 \x04D\x040\x049\x04;\x04>\x042\x045\x00\
 \x00(\x00*\x00.\x00*\x00)\x08\x00\x00\x00\x00\
\x06\x00\x00\x00\x0fAll files (\
*.*)\x07\x00\x00\x00\x10saveIma\
geFilters\x01\x88\x00\x00\x00\x02\x01\
\x01\
\x00\x00+\x16\
<\
\xb8d\x18\xca\xef\x9c\x95\xcd!\x1c\xbf`\xa1\xbd\xdd\xa7\
\x00\x00\x00\x02itB\x00\x00\x03P\x00\x00\x00X\x00\
\x00\x0f>\x00\x00\x00Y\x00\x00\x0f\xf4\x00\x00\x05\xb1\x00\
\x00\x0f`\x00\x00\x05\xb2\x00\x00\x0f\x85\x00\x00\x05\xb3\x00\
\x00\x0f\xaa\x00\x00\x05\xb4\x00\x00\x0f\xcf\x00\x00\x05\xc1\x00\
\x00\x10\x16\x00\x00\x05\xc2\x00\x00\x10;\x00\x00\x05\xc3\x00\
\x00\x10`\x00\x00\x05\xc4\x00\x00\x10\x85\x00\x04\x8c\xaf\x00\
\x00\x0d\xce\x00\x04\xa6y\x00\x00\x15\xa4\x00\x04\xa9`\x00\
\x00\x0e8\x00\x05\x8bt\x00\x00\x0e\x9e\x00\x05\x8b\xa4\x00\
\x00\x0e\xd1\x00\x05\x8b\xaf\x00\x00\x1cp\x00\x05\x98\xc5\x00\
\x00\x1d\xdd\x00\x05\x98\xc5\x00\x00\x22\x9d\x00\x05\xc4\xaf\x00\
\x00 9\x00\x105\xbe\x00\x00\x05\x8e\x00\x17\xac\xbe\x00\
\x00\x1e\xad\x00*\xbb\x04\x00\x00\x10\xe9\x00*\xd0%\x00\
\x00\x11&\x00+\xcf\xc7\x00\x00\x12\x9c\x00G\xdf\x04\x00\
\x00\x17\x98\x00HN%\x00\x00\x22\xd1\x00Jcb\x00\
\x00%\xa5\x00V\x8a\xa5\x00\x00\x1b\x82\x00Y\xf6d\x00\
\x00\x01\x82\x00Y\xf6d\x00\x00\x0a\xd8\x00]\xfb\xa8\x00\
\x00\x0f\x08\x00\x81;\xb2\x00\x00\x22(\x01I\xcc\x12\x00\
\x00%-\x01\x80\x912\x00\x00$\x5c\x01\xcdQN\x00\
\x00\x03\xa7\x02X\xa3\xd3\x00\x00\x08Z\x02\xda\xb7>\x00\
\x00\x09[\x02\xe1x\xce\x00\x00\x02}\x03\x01mV\x00\
\x00\x16|\x03\x16Jn\x00\x00\x16\xda\x03\x1c\xc2\x17\x00\
\x00\x17E\x03VG>\x00\x00\x07\xe7\x03\xa0D\xef\x00\
\x00\x1e\x11\x03\xbax\x12\x00\x00\x18\x1e\x03\xd9\x80\xd9\x00\
\x00 \xc9\x03\xe7H\x1c\x00\x00#\xce\x04l;N\x00\
\x00!\xd4\x04\x98<\x81\x00\x00\x13\x91\x04\x98I\xbc\x00\
\x00\x141\x04\xa0\x8a%\x00\x00\x0e\x05\x04\xeb\xfd\xf4\x00\
\x00\x0ek\x04\xfeM\x9e\x00\x00\x14m\x05Q\x0a5\x00\
\x00\x11\xb9\x05\x96\xa8\xa5\x00\x00#S\x05\xd7I^\x00\
\x00\x17\xd1\x06k{%\x00\x00\x19r\x06l\x13\xbe\x00\
\x00\x12\x11\x06t{\x89\x00\x00 q\x06\x96\xb1\x04\x00\
\x00#\x88\x06\xf0\xf7N\x00\x00\x0d\x06\x07! \xe5\x00\
\x00\x04\x9d\x07c\xd9\xce\x00\x00\x12O\x07\xa0\x96\xd6\x00\
\x00\x16\x1b\x07\xd4\xa5\xe2\x00\x00\x00\x00\x07\xd4\xa5\xe2\x00\
\x00\x02\x1c\x07\xd4\xa5\xe2\x00\x00\x13\xd1\x07\xdfi\xe4\x00\
\x00\x19\xc4\x08\x186\x1f\x00\x00\x18~\x08\x186\x1f\x00\
\x00!&\x08\xda4\xd7\x00\x00\x11[\x09K\xbbT\x00\
\x00\x09\xf8\x09\x5c:\xa2\x00\x00\x13'\x09\x8cv\xd3\x00\
\x00\x10\xaa\x09\xa1\xb6\xd5\x00\x00\x0c?\x0a3\x04\x04\x00\
\x00&Z\x0az\x9d\x1e\x00\x00\x06\x96\x0a\x8a:n\x00\
\x00\x1d\x9e\x0a\x961N\x00\x00\x15\xd8\x0a\xb8\x99\xe5\x00\
\x00\x00[\x0a\xf6\xb3\xd2\x00\x00%\xdf\x0b\x16\xe1\xa0\x00\
\x00#\x03\x0bF\x1a)\x00\x00&\xa4\x0bF\x1a)\x00\
\x00'F\x0b[\xbdT\x00\x00\x1c\x15\x0b\x96\x00\x0c\x00\
\x00\x1e\xfc\x0b\xad\x83~\x00\x00\x08\xd2\x0b\xb0\xd3^\x00\
\x00\x06\x05\x0b\xc4\xe5\x8e\x00\x00\x043\x0b\xd2\xd3$\x00\
\x00\x1dM\x0c\x02\x9b\x89\x00\x00&\xfc\x0c\x02\xb3#\x00\
\x00\x00\xc4\x0c\x04\x9aE\x00\x00\x1bA\x0cW\x8b\xee\x00\
\x00\x0b\x10\x0cW\x8e\xee\x00\x00\x1a\x17\x0c\xb5\xad\xe0\x00\
\x00\x12\xd3\x0c\xbb\x01s\x00\x00$\xea\x0dP\xbb\xf2\x00\
\x00\x1fo\x0d\xa34e\x00\x00\x1b\xbb\x0d\xa7\xa2\xd9\x00\
\x00\x01\xb4\x0d\xa8\xde\x82\x00\x00\x1f\xce\x0d\xbd\x894\x00\
\x00\x1c\xf9\x0d\xc70D\x00\x00\x1c\xa6\x0f\x01\xaeN\x00\
\x00\x05\x1b\x0f\x01\xaeN\x00\x00\x152\x0fA\xfd.\x00\
\x00\x077\x0f\xdd\xe8\x9e\x00\x00\x19,i\x00\x00'\x9e\
\x03\x00\x00\x00.\x00E\x00r\x00r\x00o\x00r\x00\
e\x00 \x00d\x00e\x00l\x00l\x00a\x00 \x00\
f\x00o\x00t\x00o\x00c\x00a\x00m\x00e\x00\
r\x00a\x08\x00\x00\x00\x00\x06\x00\x00\x00\x0cCam\
era Error\x07\x00\x00\x00\x0cCa\
meraDialog\x01\x03\x00\x00\x004\
\x00F\x00o\x00t\x00o\x00c\x00a\x00m\x00e\
\x00r\x00a\x00 \x00n\x00o\x00n\x00 \x00d\
\x00i\x00s\x00p\x00o\x00n\x00i\x00b\x00i\
\x00l\x00e\x08\x00\x00\x00\x00\x06\x00\x00\x00\x14Ca\
mera not availab\
le\x07\x00\x00\x00\x0cCameraDia\
log\x01\x03\x00\x00\x00p\x00F\x00o\x00t\x00\
o\x00c\x00a\x00m\x00e\x00r\x00a\x00 \x00\
n\x00o\x00n\x00 \x00d\x00i\x00s\x00p\x00\
o\x00n\x00i\x00b\x00i\x00l\x00e\x00 \x00\
o\x00 \x00d\x00i\x00s\x00a\x00b\x00i\x00\
l\x00i\x00t\x00a\x00t\x00a\x00 \x00d\x00\
a\x00l\x00l\x00'\x00a\x00n\x00t\x00i\x00\
v\x00i\x00r\x00u\x00s\x08\x00\x00\x00\x00\x06\x00\
\x00\x00-Camera not av\
ailable or disab\
led by antivirus\
\x07\x00\x00\x00\x0cCameraDialo\
g\x01\x03\x00\x00\x00\x0c\x00S\x00c\x00a\x00t\x00\
t\x00a\x08\x00\x00\x00\x00\x06\x00\x00\x00\x05Sho\
ot\x07\x00\x00\x00\x0cCameraDia\
log\x01\x03\x00\x00\x00.\x00F\x00o\x00t\x00\
o\x00c\x00a\x00m\x00e\x00r\x00a\x00 \x00\
(\x00l\x00i\x00b\x00g\x00p\x00h\x00o\x00\
t\x00o\x002\x00)\x08\x00\x00\x00\x00\x06\x00\x00\x00\
\x13Camera (libgpho\
to2)\x07\x00\x00\x00\x12CameraG\
PhotoDialog\x01\x03\x00\x00\x00\
.\x00E\x00r\x00r\x00o\x00r\x00e\x00 \x00\
d\x00e\x00l\x00l\x00a\x00 \x00f\x00o\x00\
t\x00o\x00c\x00a\x00m\x00e\x00r\x00a\x08\
\x00\x00\x00\x00\x06\x00\x00\x00\x0cCamera \
Error\x07\x00\x00\x00\x12Camera\
GPhotoDialog\x01\x03\x00\x00\
\x00\xc0\x00F\x00o\x00t\x00o\x00c\x00a\x00m\
\x00e\x00r\x00a\x00 \x00n\x00o\x00n\x00 \
\x00d\x00i\x00s\x00p\x00o\x00n\x00i\x00b\
\x00i\x00l\x00e\x00;\x00 \x00v\x00e\x00n\
\x00g\x00o\x00n\x00o\x00 \x00m\x00o\x00s\
\x00t\x00r\x00a\x00t\x00e\x00 \x00l\x00e\
\x00 \x00i\x00m\x00p\x00o\x00s\x00t\x00a\
\x00z\x00i\x00o\x00n\x00i\x00 \x00s\x00a\
\x00l\x00v\x00a\x00t\x00e\x00.\x00 \x00A\
\x00c\x00q\x00u\x00i\x00s\x00i\x00z\x00i\
\x00o\x00n\x00e\x00 \x00d\x00i\x00s\x00a\
\x00b\x00i\x00l\x00i\x00t\x00a\x00t\x00a\
\x00.\x08\x00\x00\x00\x00\x06\x00\x00\x00CCame\
ra is unavailabl\
e; showing saved\
 settings. Captu\
re is disabled.\x07\
\x00\x00\x00\x12CameraGPhoto\
Dialog\x01\x03\x00\x00\x00N\x00I\x00m\
\x00p\x00o\x00s\x00t\x00a\x00z\x00i\x00o\
\x00n\x00i\x00 \x00d\x00e\x00l\x00l\x00a\
\x00 \x00f\x00o\x00t\x00o\x00c\x00a\x00m\
\x00e\x00r\x00a\x00 \x00c\x00a\x00r\x00i\
\x00c\x00a\x00t\x00e\x00.\x08\x00\x00\x00\x00\x06\
\x00\x00\x00\x17Camera setti\
ngs loaded.\x07\x00\x00\x00\x12\
CameraGPhotoDial\
og\x01\x03\x00\x00\x004\x00A\x00c\x00q\x00u\
\x00i\x00s\x00i\x00z\x00i\x00o\x00n\x00e\
\x00 \x00n\x00o\x00n\x00 \x00r\x00i\x00u\
\x00s\x00c\x00i\x00t\x00a\x00.\x08\x00\x00\x00\
\x00\x06\x00\x00\x00\x0fCapture fa\
iled.\x07\x00\x00\x00\x12Camera\
GPhotoDialog\x01\x03\x00\x00\
\x00@\x00A\x00c\x00q\x00u\x00i\x00s\x00i\
\x00s\x00c\x00i\x00 \x00i\x00n\x00 \x00m\
\x00o\x00d\x00a\x00l\x00i\x00t\x00\xe0\x00 \
\x00a\x00n\x00t\x00e\x00p\x00r\x00i\x00m\
\x00a\x08\x00\x00\x00\x00\x06\x00\x00\x00\x17Capt\
ure in preview m\
ode\x07\x00\x00\x00\x12CameraGP\
hotoDialog\x01\x03\x00\x00\x00:\
\x00A\x00c\x00q\x00u\x00i\x00s\x00i\x00z\
\x00i\x00o\x00n\x00e\x00 \x00d\x00e\x00l\
\x00l\x00'\x00i\x00m\x00m\x00a\x00g\x00i\
\x00n\x00e\x00.\x00.\x00.\x08\x00\x00\x00\x00\x06\
\x00\x00\x00\x12Capturing im\
age...\x07\x00\x00\x00\x12Camer\
aGPhotoDialog\x01\x03\x00\
\x00\x00<\x00A\x00c\x00q\x00u\x00i\x00s\x00\
i\x00z\x00i\x00o\x00n\x00e\x00 \x00d\x00\
e\x00l\x00l\x00'\x00a\x00n\x00t\x00e\x00\
p\x00r\x00i\x00m\x00a\x00.\x00.\x00.\x08\
\x00\x00\x00\x00\x06\x00\x00\x00\x14Capturi\
ng preview...\x07\x00\x00\
\x00\x12CameraGPhotoDi\
alog\x01\x03\x00\x00\x00J\x00I\x00m\x00p\
\x00o\x00s\x00s\x00i\x00b\x00i\x00l\x00e\
\x00 \x00i\x00n\x00i\x00z\x00i\x00a\x00l\
\x00i\x00z\x00z\x00a\x00r\x00e\x00 \x00l\
\x00i\x00b\x00g\x00p\x00h\x00o\x00t\x00o\
\x002\x00.\x08\x00\x00\x00\x00\x06\x00\x00\x00 Co\
uld not initiali\
ze libgphoto2.\x07\x00\
\x00\x00\x12CameraGPhotoD\
ialog\x01\x03\x00\x00\x00\x5c\x00I\x00m\x00\
p\x00o\x00s\x00s\x00i\x00b\x00i\x00l\x00\
e\x00 \x00r\x00i\x00l\x00e\x00v\x00a\x00\
r\x00e\x00 \x00n\x00u\x00o\x00v\x00a\x00\
m\x00e\x00n\x00t\x00e\x00 \x00l\x00e\x00\
 \x00f\x00o\x00t\x00o\x00c\x00a\x00m\x00\
e\x00r\x00e\x00.\x08\x00\x00\x00\x00\x06\x00\x00\x00\
\x1eCould not re-ev\
aluate cameras.\x07\
\x00\x00\x00\x12CameraGPhoto\
Dialog\x01\x03\x00\x00\x00j\x00I\x00m\
\x00p\x00o\x00s\x00s\x00i\x00b\x00i\x00l\
\x00e\x00 \x00l\x00e\x00g\x00g\x00e\x00r\
\x00e\x00 \x00l\x00e\x00 \x00i\x00m\x00p\
\x00o\x00s\x00t\x00a\x00z\x00i\x00o\x00n\
\x00i\x00 \x00d\x00e\x00l\x00l\x00a\x00 \
\x00f\x00o\x00t\x00o\x00c\x00a\x00m\x00e\
\x00r\x00a\x00.\x08\x00\x00\x00\x00\x06\x00\x00\x00\x1f\
Could not read c\
amera settings.\x07\
\x00\x00\x00\x12CameraGPhoto\
Dialog\x01\x03\x00\x00\x008\x00N\x00e\
\x00s\x00s\x00u\x00n\x00a\x00 \x00f\x00o\
\x00t\x00o\x00c\x00a\x00m\x00e\x00r\x00a\
\x00 \x00r\x00i\x00l\x00e\x00v\x00a\x00t\
\x00a\x00.\x08\x00\x00\x00\x00\x06\x00\x00\x00\x14No\
 cameras detecte\
d.\x07\x00\x00\x00\x12CameraGPh\
otoDialog\x01\x03\x00\x00\x00>\x00\
R\x00i\x00l\x00e\x00v\x00a\x00 \x00n\x00\
u\x00o\x00v\x00a\x00m\x00e\x00n\x00t\x00\
e\x00 \x00l\x00e\x00 \x00f\x00o\x00t\x00\
o\x00c\x00a\x00m\x00e\x00r\x00e\x08\x00\x00\
\x00\x00\x06\x00\x00\x00\x13Re-evalua\
te cameras\x07\x00\x00\x00\x12C\
ameraGPhotoDialo\
g\x01\x03\x00\x00\x00J\x00N\x00u\x00o\x00v\x00\
a\x00 \x00r\x00i\x00l\x00e\x00v\x00a\x00\
z\x00i\x00o\x00n\x00e\x00 \x00d\x00e\x00\
l\x00l\x00e\x00 \x00f\x00o\x00t\x00o\x00\
c\x00a\x00m\x00e\x00r\x00e\x00.\x00.\x00\
.\x08\x00\x00\x00\x00\x06\x00\x00\x00\x18Re-ev\
aluating cameras\
...\x07\x00\x00\x00\x12CameraGP\
hotoDialog\x01\x03\x00\x00\x00\x5c\
\x00L\x00e\x00t\x00t\x00u\x00r\x00a\x00 \
\x00d\x00e\x00l\x00l\x00e\x00 \x00i\x00m\
\x00p\x00o\x00s\x00t\x00a\x00z\x00i\x00o\
\x00n\x00i\x00 \x00d\x00e\x00l\x00l\x00a\
\x00 \x00f\x00o\x00t\x00o\x00c\x00a\x00m\
\x00e\x00r\x00a\x00.\x00.\x00.\x08\x00\x00\x00\
\x00\x06\x00\x00\x00\x1aReading ca\
mera settings...\
\x07\x00\x00\x00\x12CameraGPhot\
oDialog\x01\x03\x00\x00\x00\x8a\x00R\x00\
i\x00p\x00r\x00i\x00s\x00t\x00i\x00n\x00\
a\x00 \x00l\x00a\x00 \x00d\x00e\x00s\x00\
t\x00i\x00n\x00a\x00z\x00i\x00o\x00n\x00\
e\x00 \x00d\x00i\x00 \x00a\x00c\x00q\x00\
u\x00i\x00s\x00i\x00z\x00i\x00o\x00n\x00\
e\x00 \x00o\x00r\x00i\x00g\x00i\x00n\x00\
a\x00l\x00e\x00 \x00d\x00o\x00p\x00o\x00\
 \x00o\x00g\x00n\x00i\x00 \x00s\x00c\x00\
a\x00t\x00t\x00o\x08\x00\x00\x00\x00\x06\x00\x00\x00\
/Restore origina\
l capture target\
 after each shot\
\x07\x00\x00\x00\x12CameraGPhot\
oDialog\x01\x03\x00\x00\x00\x0c\x00S\x00\
c\x00a\x00t\x00t\x00a\x08\x00\x00\x00\x00\x06\x00\
\x00\x00\x05Shoot\x07\x00\x00\x00\x12Cam\
eraGPhotoDialog\x01\
\x03\x00\x00\x00\xbe\x00L\x00'\x00a\x00c\x00q\x00\
u\x00i\x00s\x00i\x00z\x00i\x00o\x00n\x00\
e\x00 \x00s\x00t\x00a\x00n\x00d\x00a\x00\
r\x00d\x00 \x00\xe8\x00 \x00d\x00i\x00s\x00\
p\x00o\x00n\x00i\x00b\x00i\x00l\x00e\x00\
 \x00s\x00o\x00l\x00o\x00 \x00s\x00e\x00\
 \x00\xe8\x00 \x00s\x00e\x00l\x00e\x00z\x00\
i\x00o\x00n\x00a\x00t\x00a\x00 \x00u\x00\
n\x00a\x00 \x00d\x00e\x00s\x00t\x00i\x00\
n\x00a\x00z\x00i\x00o\x00n\x00e\x00 \x00\
n\x00e\x00l\x00l\x00a\x00 \x00R\x00A\x00\
M\x00 \x00i\x00n\x00t\x00e\x00r\x00n\x00\
a\x00.\x08\x00\x00\x00\x00\x06\x00\x00\x00JSta\
ndard capture is\
 unavailable unl\
ess an internal-\
RAM target is se\
lected.\x07\x00\x00\x00\x12Came\
raGPhotoDialog\x01\x03\
\x00\x00\x00v\x00I\x00 \x00d\x00a\x00t\x00i\
\x00 \x00a\x00c\x00q\x00u\x00i\x00s\x00i\
\x00t\x00i\x00 \x00n\x00o\x00n\x00 \x00s\
\x00o\x00n\x00o\x00 \x00i\x00n\x00 \x00u\
\x00n\x00 \x00f\x00o\x00r\x00m\x00a\x00t\
\x00o\x00 \x00i\x00m\x00m\x00a\x00g\x00i\
\x00n\x00e\x00 \x00s\x00u\x00p\x00p\x00o\
\x00r\x00t\x00a\x00t\x00o\x08\x00\x00\x00\x00\x06\
\x00\x00\x00*The captured\
 data is not a s\
upported image\x07\x00\
\x00\x00\x12CameraGPhotoD\
ialog\x01\x03\x00\x00\x00t\x00Q\x00u\x00\
e\x00s\x00t\x00a\x00 \x00f\x00o\x00t\x00\
o\x00c\x00a\x00m\x00e\x00r\x00a\x00 \x00\
n\x00o\x00n\x00 \x00s\x00u\x00p\x00p\x00\
o\x00r\x00t\x00a\x00 \x00l\x00'\x00a\x00\
c\x00q\x00u\x00i\x00s\x00i\x00z\x00i\x00\
o\x00n\x00e\x00 \x00d\x00i\x00 \x00i\x00\
m\x00m\x00a\x00g\x00i\x00n\x00i\x00.\x08\
\x00\x00\x00\x00\x06\x00\x00\x00-This ca\
mera does not ad\
vertise image ca\
pture.\x07\x00\x00\x00\x12Camer\
aGPhotoDialog\x01\x03\x00\
\x00\x00\x14\x00A\x00u\x00t\x00o\x00m\x00a\x00\
t\x00i\x00c\x00o\x08\x00\x00\x00\x00\x06\x00\x00\x00\
\x04Auto\x07\x00\x00\x00\x0aCropDi\
alog\x01\x03\x00\x00\x00\x0e\x00C\x00e\x00r\
\x00c\x00h\x00i\x00o\x08\x00\x00\x00\x00\x06\x00\x00\
\x00\x06Circle\x07\x00\x00\x00\x0aCro\
pDialog\x01\x03\x00\x00\x00\x10\x00R\x00\
i\x00t\x00a\x00g\x00l\x00i\x00o\x08\x00\x00\
\x00\x00\x06\x00\x00\x00\x04Crop\x07\x00\x00\x00\x0a\
CropDialog\x01\x03\x00\x00\x00\x0e\
\x00A\x00l\x00t\x00e\x00z\x00z\x00a\x08\x00\
\x00\x00\x00\x06\x00\x00\x00\x06Height\x07\x00\
\x00\x00\x0aCropDialog\x01\x03\x00\
\x00\x00\x10\x00Q\x00u\x00a\x00d\x00r\x00a\x00\
t\x00o\x08\x00\x00\x00\x00\x06\x00\x00\x00\x04Qua\
d\x07\x00\x00\x00\x0aCropDialog\
\x01\x03\x00\x00\x00\x14\x00R\x00e\x00t\x00t\x00a\
\x00n\x00g\x00o\x00l\x00o\x08\x00\x00\x00\x00\x06\
\x00\x00\x00\x04Rect\x07\x00\x00\x00\x0aCro\
pDialog\x01\x03\x00\x00\x00\x12\x00L\x00\
a\x00r\x00g\x00h\x00e\x00z\x00z\x00a\x08\
\x00\x00\x00\x00\x06\x00\x00\x00\x05Width\x07\x00\
\x00\x00\x0aCropDialog\x01\x03\x00\
\x00\x00\x02\x00X\x08\x00\x00\x00\x00\x06\x00\x00\x00\x01X\
\x07\x00\x00\x00\x0aCropDialog\x01\
\x03\x00\x00\x00\x04\x00X\x001\x08\x00\x00\x00\x00\x06\x00\
\x00\x00\x02X1\x07\x00\x00\x00\x0aCropDi\
alog\x01\x03\x00\x00\x00\x04\x00X\x002\x08\x00\
\x00\x00\x00\x06\x00\x00\x00\x02X2\x07\x00\x00\x00\x0aC\
ropDialog\x01\x03\x00\x00\x00\x04\x00\
X\x003\x08\x00\x00\x00\x00\x06\x00\x00\x00\x02X3\x07\
\x00\x00\x00\x0aCropDialog\x01\x03\
\x00\x00\x00\x04\x00X\x004\x08\x00\x00\x00\x00\x06\x00\x00\
\x00\x02X4\x07\x00\x00\x00\x0aCropDia\
log\x01\x03\x00\x00\x00\x02\x00Y\x08\x00\x00\x00\x00\
\x06\x00\x00\x00\x01Y\x07\x00\x00\x00\x0aCropD\
ialog\x01\x03\x00\x00\x00\x04\x00Y\x001\x08\
\x00\x00\x00\x00\x06\x00\x00\x00\x02Y1\x07\x00\x00\x00\x0a\
CropDialog\x01\x03\x00\x00\x00\x04\
\x00Y\x002\x08\x00\x00\x00\x00\x06\x00\x00\x00\x02Y2\
\x07\x00\x00\x00\x0aCropDialog\x01\
\x03\x00\x00\x00\x04\x00Y\x003\x08\x00\x00\x00\x00\x06\x00\
\x00\x00\x02Y3\x07\x00\x00\x00\x0aCropDi\
alog\x01\x03\x00\x00\x00\x04\x00Y\x004\x08\x00\
\x00\x00\x00\x06\x00\x00\x00\x02Y4\x07\x00\x00\x00\x0aC\
ropDialog\x01\x03\x00\x00\x00\x14\x00\
S\x00a\x00l\x00v\x00a\x00 \x00c\x00o\x00\
m\x00e\x08\x00\x00\x00\x00\x06\x00\x00\x00\x07Sav\
e as\x07\x00\x00\x00\x0fGetSave\
FileName\x01\x03\x00\x00\x00\x12\x00&\
\x00M\x00o\x00d\x00i\x00f\x00i\x00c\x00a\
\x08\x00\x00\x00\x00\x06\x00\x00\x00\x05&Edit\x07\
\x00\x00\x00\x11ImageEditorD\
ialog\x01\x03\x00\x00\x00\x0a\x00&\x00F\x00\
i\x00l\x00e\x08\x00\x00\x00\x00\x06\x00\x00\x00\x05&\
File\x07\x00\x00\x00\x11ImageEd\
itorDialog\x01\x03\x00\x00\x00*\
\x00&\x00A\x00d\x00a\x00t\x00t\x00a\x00 \
\x00a\x00l\x00l\x00a\x00 \x00f\x00i\x00n\
\x00e\x00s\x00t\x00r\x00a\x08\x00\x00\x00\x00\x06\
\x00\x00\x00\x0e&Fit to Wind\
ow\x07\x00\x00\x00\x11ImageEdit\
orDialog\x01\x03\x00\x00\x00&\x00&\
\x00D\x00i\x00m\x00e\x00n\x00s\x00i\x00o\
\x00n\x00e\x00 \x00n\x00o\x00r\x00m\x00a\
\x00l\x00e\x08\x00\x00\x00\x00\x06\x00\x00\x00\x0c&N\
ormal Size\x07\x00\x00\x00\x11I\
mageEditorDialog\
\x01\x03\x00\x00\x00\x10\x00&\x00A\x00p\x00r\x00i\
\x00.\x00.\x00.\x08\x00\x00\x00\x00\x06\x00\x00\x00\x08\
&Open...\x07\x00\x00\x00\x11Ima\
geEditorDialog\x01\x03\
\x00\x00\x00\x1c\x00&\x00S\x00a\x00l\x00v\x00a\
\x00 \x00c\x00o\x00m\x00e\x00.\x00.\x00.\
\x08\x00\x00\x00\x00\x06\x00\x00\x00\x0b&Save \
As...\x07\x00\x00\x00\x11ImageE\
ditorDialog\x01\x03\x00\x00\x00\
\x0c\x00&\x00V\x00i\x00s\x00t\x00a\x08\x00\x00\
\x00\x00\x06\x00\x00\x00\x05&View\x07\x00\x00\x00\
\x11ImageEditorDial\
og\x01\x03\x00\x00\x00&\x00R\x00i\x00t\x00a\
\x00g\x00l\x00i\x00o\x00 \x00a\x00u\x00t\
\x00o\x00m\x00a\x00t\x00i\x00c\x00o\x08\x00\
\x00\x00\x00\x06\x00\x00\x00\x08Autocrop\
\x07\x00\x00\x00\x11ImageEditor\
Dialog\x01\x03\x00\x00\x004\x00S\x00f\
\x00o\x00g\x00l\x00i\x00a\x00 \x00n\x00e\
\x00l\x00 \x00v\x00i\x00s\x00u\x00a\x00l\
\x00i\x00z\x00z\x00a\x00t\x00o\x00r\x00e\
\x08\x00\x00\x00\x00\x06\x00\x00\x00\x10Browse\
 in viewer\x07\x00\x00\x00\x11I\
mageEditorDialog\
\x01\x03\x00\x00\x00\x14\x00F\x00o\x00t\x00o\x00c\
\x00a\x00m\x00e\x00r\x00a\x08\x00\x00\x00\x00\x06\
\x00\x00\x00\x06Camera\x07\x00\x00\x00\x11I\
mageEditorDialog\
\x01\x03\x00\x00\x00.\x00E\x00r\x00r\x00o\x00r\
\x00e\x00 \x00d\x00e\x00l\x00l\x00a\x00 \
\x00f\x00o\x00t\x00o\x00c\x00a\x00m\x00e\
\x00r\x00a\x08\x00\x00\x00\x00\x06\x00\x00\x00\x0cCa\
mera Error\x07\x00\x00\x00\x11I\
mageEditorDialog\
\x01\x03\x00\x00\x00\x10\x00C\x00a\x00n\x00c\x00e\
\x00l\x00l\x00a\x08\x00\x00\x00\x00\x06\x00\x00\x00\x06\
Cancel\x07\x00\x00\x00\x11Image\
EditorDialog\x01\x03\x00\x00\
\x00x\x00I\x00 \x00d\x00a\x00t\x00i\x00 \
\x00a\x00c\x00q\x00u\x00i\x00s\x00i\x00t\
\x00i\x00 \x00n\x00o\x00n\x00 \x00s\x00o\
\x00n\x00o\x00 \x00i\x00n\x00 \x00u\x00n\
\x00 \x00f\x00o\x00r\x00m\x00a\x00t\x00o\
\x00 \x00i\x00m\x00m\x00a\x00g\x00i\x00n\
\x00e\x00 \x00s\x00u\x00p\x00p\x00o\x00r\
\x00t\x00a\x00t\x00o\x00.\x08\x00\x00\x00\x00\x06\
\x00\x00\x00'Captured dat\
a is not a suppo\
rted image.\x07\x00\x00\x00\x11\
ImageEditorDialo\
g\x01\x03\x00\x00\x00:\x00A\x00c\x00q\x00u\x00\
i\x00s\x00i\x00z\x00i\x00o\x00n\x00e\x00\
 \x00d\x00e\x00l\x00l\x00'\x00i\x00m\x00\
m\x00a\x00g\x00i\x00n\x00e\x00.\x00.\x00\
.\x08\x00\x00\x00\x00\x06\x00\x00\x00\x12Captu\
ring image...\x07\x00\x00\
\x00\x11ImageEditorDia\
log\x01\x03\x00\x00\x00\x0a\x00C\x00o\x00p\x00\
i\x00a\x08\x00\x00\x00\x00\x06\x00\x00\x00\x04Cop\
y\x07\x00\x00\x00\x11ImageEdito\
rDialog\x01\x03\x00\x00\x00\x16\x00R\x00\
i\x00t\x00a\x00g\x00l\x00i\x00a\x00.\x00\
.\x00.\x08\x00\x00\x00\x00\x06\x00\x00\x00\x07Cro\
p...\x07\x00\x00\x00\x11ImageEd\
itorDialog\x01\x03\x00\x00\x00.\
\x00T\x00a\x00g\x00l\x00i\x00a\x00 \x00l\
\x00a\x00 \x00m\x00e\x00t\x00\xe0\x00 \x00s\
\x00i\x00n\x00i\x00s\x00t\x00r\x00a\x08\x00\
\x00\x00\x00\x06\x00\x00\x00\x0dCut left\
 half\x07\x00\x00\x00\x11ImageE\
ditorDialog\x01\x03\x00\x00\x00\
*\x00T\x00a\x00g\x00l\x00i\x00a\x00 \x00\
l\x00a\x00 \x00m\x00e\x00t\x00\xe0\x00 \x00\
d\x00e\x00s\x00t\x00r\x00a\x08\x00\x00\x00\x00\
\x06\x00\x00\x00\x0eCut right h\
alf\x07\x00\x00\x00\x11ImageEdi\
torDialog\x01\x03\x00\x00\x000\x00\
N\x00o\x00n\x00 \x00m\x00o\x00s\x00t\x00\
r\x00a\x00r\x00m\x00e\x00l\x00o\x00 \x00\
d\x00i\x00 \x00n\x00u\x00o\x00v\x00o\x08\
\x00\x00\x00\x00\x06\x00\x00\x00\x15Don't s\
how this again\x07\x00\
\x00\x00\x11ImageEditorDi\
alog\x01\x03\x00\x00\x00\x22\x00D\x00o\x00w\
\x00n\x00l\x00o\x00a\x00d\x00 \x00i\x00n\
\x00 \x00c\x00o\x00r\x00s\x00o\x08\x00\x00\x00\
\x00\x06\x00\x00\x00\x0bDownloadin\
g\x07\x00\x00\x00\x11ImageEdito\
rDialog\x01\x03\x00\x00\x00\x0e\x00U\x00\
&\x00s\x00c\x00i\x00t\x00a\x08\x00\x00\x00\x00\
\x06\x00\x00\x00\x05E&xit\x07\x00\x00\x00\x11I\
mageEditorDialog\
\x01\x03\x00\x00\x00\x1c\x00S\x00c\x00h\x00e\x00r\
\x00m\x00o\x00 \x00i\x00n\x00t\x00e\x00r\
\x00o\x08\x00\x00\x00\x00\x06\x00\x00\x00\x0bFull\
 Screen\x07\x00\x00\x00\x11Imag\
eEditorDialog\x01\x03\x00\
\x00\x00.\x00M\x00o\x00d\x00i\x00f\x00i\x00\
c\x00a\x00 \x00d\x00e\x00l\x00l\x00e\x00\
 \x00i\x00m\x00m\x00a\x00g\x00i\x00n\x00\
i\x08\x00\x00\x00\x00\x06\x00\x00\x00\x0cImage\
 editor\x07\x00\x00\x00\x11Imag\
eEditorDialog\x01\x03\x00\
\x00\x00h\x00L\x00'\x00i\x00m\x00m\x00a\x00\
g\x00i\x00n\x00e\x00 \x00\xe8\x00 \x00s\x00\
t\x00a\x00t\x00a\x00 \x00m\x00o\x00d\x00\
i\x00f\x00i\x00c\x00a\x00t\x00a\x00.\x00\
 \x00S\x00a\x00l\x00v\x00a\x00r\x00e\x00\
 \x00l\x00e\x00 \x00m\x00o\x00d\x00i\x00\
f\x00i\x00c\x00h\x00e\x00?\x08\x00\x00\x00\x00\
\x06\x00\x00\x00 Image was c\
hanged. Save cha\
nges?\x07\x00\x00\x00\x11ImageE\
ditorDialog\x01\x03\x00\x00\x00\
\x16\x00N\x00a\x00v\x00i\x00g\x00a\x00z\x00\
i\x00o\x00n\x00e\x08\x00\x00\x00\x00\x06\x00\x00\x00\
\x0aNavigation\x07\x00\x00\x00\x11\
ImageEditorDialo\
g\x01\x03\x00\x00\x00\x22\x00I\x00m\x00m\x00a\x00\
g\x00i\x00n\x00e\x00 \x00s\x00e\x00g\x00\
u\x00e\x00n\x00t\x00e\x08\x00\x00\x00\x00\x06\x00\
\x00\x00\x0aNext image\x07\x00\x00\
\x00\x11ImageEditorDia\
log\x01\x03\x00\x00\x00\x22\x00P\x00r\x00o\x00\
s\x00s\x00i\x00m\x00o\x00 \x00e\x00l\x00\
e\x00m\x00e\x00n\x00t\x00o\x08\x00\x00\x00\x00\
\x06\x00\x00\x00\x0bNext record\
\x07\x00\x00\x00\x11ImageEditor\
Dialog\x01\x03\x00\x00\x00\xb6\x00N\x00e\
\x00s\x00s\x00u\x00n\x00a\x00 \x00f\x00o\
\x00t\x00o\x00c\x00a\x00m\x00e\x00r\x00a\
\x00 \x00l\x00i\x00b\x00g\x00p\x00h\x00o\
\x00t\x00o\x002\x00 \x00c\x00o\x00n\x00f\
\x00i\x00g\x00u\x00r\x00a\x00t\x00a\x00.\
\x00 \x00A\x00p\x00r\x00i\x00 \x00\xab\x00F\
\x00o\x00t\x00o\x00c\x00a\x00m\x00e\x00r\
\x00a\x00 \x00(\x00l\x00i\x00b\x00g\x00p\
\x00h\x00o\x00t\x00o\x002\x00)\x00\xbb\x00 \
\x00p\x00e\x00r\x00 \x00c\x00o\x00n\x00f\
\x00i\x00g\x00u\x00r\x00a\x00r\x00l\x00a\
\x00.\x08\x00\x00\x00\x00\x06\x00\x00\x00NNo l\
ibgphoto2 camera\
 is configured. \
Open Camera (lib\
gphoto2) to conf\
igure one.\x07\x00\x00\x00\x11I\
mageEditorDialog\
\x01\x03\x00\x00\x00\x12\x00A\x00p\x00r\x00i\x00 \
\x00f\x00i\x00l\x00e\x08\x00\x00\x00\x00\x06\x00\x00\
\x00\x09Open File\x07\x00\x00\x00\x11\
ImageEditorDialo\
g\x01\x03\x00\x00\x00\x0e\x00I\x00n\x00c\x00o\x00\
l\x00l\x00a\x08\x00\x00\x00\x00\x06\x00\x00\x00\x05P\
aste\x07\x00\x00\x00\x11ImageEd\
itorDialog\x01\x03\x00\x00\x00&\
\x00I\x00m\x00m\x00a\x00g\x00i\x00n\x00e\
\x00 \x00p\x00r\x00e\x00c\x00e\x00d\x00e\
\x00n\x00t\x00e\x08\x00\x00\x00\x00\x06\x00\x00\x00\x0e\
Previous image\x07\x00\
\x00\x00\x11ImageEditorDi\
alog\x01\x03\x00\x00\x00&\x00E\x00l\x00e\
\x00m\x00e\x00n\x00t\x00o\x00 \x00p\x00r\
\x00e\x00c\x00e\x00d\x00e\x00n\x00t\x00e\
\x08\x00\x00\x00\x00\x06\x00\x00\x00\x0fPrevio\
us record\x07\x00\x00\x00\x11Im\
ageEditorDialog\x01\
\x03\x00\x00\x00\x0c\x00R\x00i\x00f\x00a\x00r\x00\
e\x08\x00\x00\x00\x00\x06\x00\x00\x00\x04Redo\x07\
\x00\x00\x00\x11ImageEditorD\
ialog\x01\x03\x00\x00\x00\x1c\x00R\x00i\x00\
m\x00u\x00o\x00v\x00i\x00 \x00s\x00f\x00\
o\x00n\x00d\x00o\x08\x00\x00\x00\x00\x06\x00\x00\x00\
\x11Remove backgrou\
nd\x07\x00\x00\x00\x11ImageEdit\
orDialog\x01\x03\x00\x00\x00 \x00R\
\x00u\x00o\x00t\x00a\x00 \x00a\x00 \x00s\
\x00i\x00n\x00i\x00s\x00t\x00r\x00a\x08\x00\
\x00\x00\x00\x06\x00\x00\x00\x0eRotate t\
o Left\x07\x00\x00\x00\x11Image\
EditorDialog\x01\x03\x00\x00\
\x00\x1c\x00R\x00u\x00o\x00t\x00a\x00 \x00a\
\x00 \x00d\x00e\x00s\x00t\x00r\x00a\x08\x00\
\x00\x00\x00\x06\x00\x00\x00\x0fRotate t\
o Right\x07\x00\x00\x00\x11Imag\
eEditorDialog\x01\x03\x00\
\x00\x00\x10\x00R\x00u\x00o\x00t\x00a\x00.\x00\
.\x00.\x08\x00\x00\x00\x00\x06\x00\x00\x00\x09Rot\
ate...\x07\x00\x00\x00\x11Image\
EditorDialog\x01\x03\x00\x00\
\x00\x0a\x00S\x00a\x00l\x00v\x00a\x08\x00\x00\x00\
\x00\x06\x00\x00\x00\x04Save\x07\x00\x00\x00\x11I\
mageEditorDialog\
\x01\x03\x00\x00\x00X\x00V\x00u\x00o\x00i\x00 \
\x00s\x00a\x00l\x00v\x00a\x00r\x00e\x00 \
\x00l\x00e\x00 \x00m\x00o\x00d\x00i\x00f\
\x00i\x00c\x00h\x00e\x00 \x00a\x00 \x00q\
\x00u\x00e\x00s\x00t\x00a\x00 \x00i\x00m\
\x00m\x00a\x00g\x00i\x00n\x00e\x00?\x08\x00\
\x00\x00\x00\x06\x00\x00\x00\x1eSave cha\
nges to current \
image?\x07\x00\x00\x00\x11Image\
EditorDialog\x01\x03\x00\x00\
\x00\x1e\x00I\x00m\x00p\x00o\x00s\x00t\x00a\
\x00z\x00i\x00o\x00n\x00i\x00.\x00.\x00.\
\x08\x00\x00\x00\x00\x06\x00\x00\x00\x0bSettin\
gs...\x07\x00\x00\x00\x11ImageE\
ditorDialog\x01\x03\x00\x00\x00\
<\x00M\x00o\x00s\x00t\x00r\x00a\x00 \x00\
p\x00a\x00n\x00n\x00e\x00l\x00l\x00o\x00\
 \x00d\x00i\x00 \x00s\x00c\x00o\x00r\x00\
r\x00i\x00m\x00e\x00n\x00t\x00o\x08\x00\x00\
\x00\x00\x06\x00\x00\x00\x11Show Scro\
ll Panel\x07\x00\x00\x00\x11Ima\
geEditorDialog\x01\x03\
\x00\x00\x00*\x00M\x00o\x00s\x00t\x00r\x00a\
\x00 \x00b\x00a\x00r\x00r\x00a\x00 \x00d\
\x00i\x00 \x00s\x00t\x00a\x00t\x00o\x08\x00\
\x00\x00\x00\x06\x00\x00\x00\x0fShow Sta\
tus Bar\x07\x00\x00\x00\x11Imag\
eEditorDialog\x01\x03\x00\
\x00\x008\x00M\x00o\x00s\x00t\x00r\x00a\x00\
 \x00b\x00a\x00r\x00r\x00a\x00 \x00d\x00\
e\x00g\x00l\x00i\x00 \x00s\x00t\x00r\x00\
u\x00m\x00e\x00n\x00t\x00i\x08\x00\x00\x00\x00\
\x06\x00\x00\x00\x0dShow Tool B\
ar\x07\x00\x00\x00\x11ImageEdit\
orDialog\x01\x03\x00\x00\x00\x0e\x00A\
\x00n\x00n\x00u\x00l\x00l\x00a\x08\x00\x00\x00\
\x00\x06\x00\x00\x00\x04Undo\x07\x00\x00\x00\x11I\
mageEditorDialog\
\x01\x03\x00\x00\x00$\x00Z\x00o\x00o\x00m\x00 \
\x00&\x00a\x00v\x00a\x00n\x00t\x00i\x00 \
\x00(\x002\x005\x00%\x00)\x08\x00\x00\x00\x00\x06\
\x00\x00\x00\x0eZoom &In (25\
%)\x07\x00\x00\x00\x11ImageEdit\
orDialog\x01\x03\x00\x00\x00(\x00Z\
\x00o\x00o\x00m\x00 \x00&\x00i\x00n\x00d\
\x00i\x00e\x00t\x00r\x00o\x00 \x00(\x002\
\x005\x00%\x00)\x08\x00\x00\x00\x00\x06\x00\x00\x00\x0f\
Zoom &Out (25%)\x07\
\x00\x00\x00\x11ImageEditorD\
ialog\x01\x03\x00\x00\x00h\x00L\x00'\x00\
i\x00m\x00m\x00a\x00g\x00i\x00n\x00e\x00\
 \x00\xe8\x00 \x00s\x00t\x00a\x00t\x00a\x00\
 \x00m\x00o\x00d\x00i\x00f\x00i\x00c\x00\
a\x00t\x00a\x00.\x00 \x00S\x00a\x00l\x00\
v\x00a\x00r\x00e\x00 \x00l\x00e\x00 \x00\
m\x00o\x00d\x00i\x00f\x00i\x00c\x00h\x00\
e\x00?\x08\x00\x00\x00\x00\x06\x00\x00\x00 Ima\
ge was changed. \
Save changes?\x07\x00\x00\
\x00\x11ImageEditorWin\
dow\x01\x03\x00\x00\x00 \x00A\x00p\x00r\x00\
i\x00 \x00c\x00a\x00r\x00t\x00e\x00l\x00\
l\x00a\x00.\x00.\x00.\x08\x00\x00\x00\x00\x06\x00\
\x00\x00\x0eOpen folder..\
.\x07\x00\x00\x00\x11ImageEdito\
rWindow\x01\x03\x00\x00\x00>\x00A\x00\
p\x00r\x00i\x00 \x00c\x00a\x00r\x00t\x00\
e\x00l\x00l\x00a\x00 \x00d\x00e\x00l\x00\
l\x00e\x00 \x00i\x00m\x00m\x00a\x00g\x00\
i\x00n\x00i\x00.\x00.\x00.\x08\x00\x00\x00\x00\
\x06\x00\x00\x00\x11Open image \
folder\x07\x00\x00\x00\x11Image\
EditorWindow\x01\x03\x00\x00\
\x00\x0a\x00S\x00a\x00l\x00v\x00a\x08\x00\x00\x00\
\x00\x06\x00\x00\x00\x04Save\x07\x00\x00\x00\x11I\
mageEditorWindow\
\x01\x03\x00\x00\x00\x0c\x00A\x00n\x00g\x00o\x00l\
\x00o\x08\x00\x00\x00\x00\x06\x00\x00\x00\x05Angl\
e\x07\x00\x00\x00\x0cRotateDial\
og\x01\x03\x00\x00\x00&\x00R\x00i\x00t\x00a\
\x00g\x00l\x00i\x00o\x00 \x00a\x00u\x00t\
\x00o\x00m\x00a\x00t\x00i\x00c\x00o\x08\x00\
\x00\x00\x00\x06\x00\x00\x00\x09Auto cro\
p\x07\x00\x00\x00\x0cRotateDial\
og\x01\x03\x00\x00\x00\x0e\x00R\x00u\x00o\x00t\
\x00a\x00r\x00e\x08\x00\x00\x00\x00\x06\x00\x00\x00\x06\
Rotate\x07\x00\x00\x00\x0cRotat\
eDialog\x01\x03\x00\x00\x00\x1c\x00M\x00\
o\x00s\x00t\x00r\x00a\x00 \x00g\x00r\x00\
i\x00g\x00l\x00i\x00a\x08\x00\x00\x00\x00\x06\x00\
\x00\x00\x09Show grid\x07\x00\x00\x00\
\x0cRotateDialog\x01\x03\x00\
\x00\x00P\x00M\x00o\x00d\x00e\x00l\x00l\x00\
o\x00 \x00I\x00A\x00 \x00p\x00e\x00r\x00\
 \x00l\x00a\x00 \x00r\x00i\x00m\x00o\x00\
z\x00i\x00o\x00n\x00e\x00 \x00d\x00e\x00\
l\x00l\x00o\x00 \x00s\x00f\x00o\x00n\x00\
d\x00o\x08\x00\x00\x00\x00\x06\x00\x00\x00\x1bBac\
kground remover \
AI model\x07\x00\x00\x00\x0eSet\
tingsDialog\x01\x03\x00\x00\x00\
N\x00R\x00i\x00t\x00a\x00g\x00l\x00i\x00\
a\x00 \x00d\x00o\x00p\x00o\x00 \x00l\x00\
a\x00 \x00r\x00i\x00m\x00o\x00z\x00i\x00\
o\x00n\x00e\x00 \x00d\x00e\x00l\x00l\x00\
o\x00 \x00s\x00f\x00o\x00n\x00d\x00o\x08\
\x00\x00\x00\x00\x06\x00\x00\x00\x1dCrop af\
ter background r\
emover\x07\x00\x00\x00\x0eSetti\
ngsDialog\x01\x03\x00\x00\x00\x18\x00\
I\x00m\x00p\x00o\x00s\x00t\x00a\x00z\x00\
i\x00o\x00n\x00i\x08\x00\x00\x00\x00\x06\x00\x00\x00\
\x08Settings\x07\x00\x00\x00\x0eSe\
ttingsDialog\x01\x03\x00\x00\
\x00>\x00C\x00o\x00l\x00o\x00r\x00e\x00 \
\x00d\x00i\x00 \x00s\x00f\x00o\x00n\x00d\
\x00o\x00 \x00d\x00e\x00l\x00l\x00a\x00 \
\x00f\x00i\x00n\x00e\x00s\x00t\x00r\x00a\
\x08\x00\x00\x00\x00\x06\x00\x00\x00\x17Window\
 background colo\
r\x07\x00\x00\x00\x0eSettingsDi\
alog\x01\x03\x00\x00\x00\x0c\x00C\x00o\x00l\
\x00o\x00r\x00e\x08\x00\x00\x00\x00\x06\x00\x00\x00\x05\
Color\x07\x00\x00\x00\x14Window\
SettingsDialog\x01\x03\
\x00\x00\x00<\x00C\x00o\x00l\x00o\x00r\x00e\
\x00 \x00d\x00i\x00 \x00s\x00f\x00o\x00n\
\x00d\x00o\x00 \x00d\x00e\x00l\x00l\x00'\
\x00i\x00m\x00m\x00a\x00g\x00i\x00n\x00e\
\x08\x00\x00\x00\x00\x06\x00\x00\x00\x16Image \
background color\
\x07\x00\x00\x00\x14WindowSetti\
ngsDialog\x01\x03\x00\x00\x00\x16\x00\
T\x00r\x00a\x00s\x00p\x00a\x00r\x00e\x00\
n\x00t\x00e\x08\x00\x00\x00\x00\x06\x00\x00\x00\x0bT\
ransparent\x07\x00\x00\x00\x14W\
indowSettingsDia\
log\x01\x03\x00\x00\x00$\x00T\x00u\x00t\x00\
t\x00i\x00 \x00i\x00 \x00f\x00i\x00l\x00\
e\x00 \x00(\x00*\x00.\x00*\x00)\x08\x00\x00\
\x00\x00\x06\x00\x00\x00\x0fAll files\
 (*.*)\x07\x00\x00\x00\x10readI\
mageFilters\x01\x03\x00\x00\x00\
\x1a\x00I\x00m\x00m\x00a\x00g\x00i\x00n\x00\
i\x00 \x00(\x00%\x00s\x00)\x08\x00\x00\x00\x00\
\x06\x00\x00\x00\x0bImages (%s)\
\x07\x00\x00\x00\x10readImageFi\
lters\x01\x03\x00\x00\x00$\x00T\x00u\x00\
t\x00t\x00i\x00 \x00i\x00 \x00f\x00i\x00\
l\x00e\x00 \x00(\x00*\x00.\x00*\x00)\x08\
\x00\x00\x00\x00\x06\x00\x00\x00\x0fAll fil\
es (*.*)\x07\x00\x00\x00\x10sav\
eImageFilters\x01\x88\x00\
\x00\x00\x02\x01\x01\
\x00\x00*^\
<\
\xb8d\x18\xca\xef\x9c\x95\xcd!\x1c\xbf`\xa1\xbd\xdd\xa7\
\x00\x00\x00\x02ptB\x00\x00\x03h\x00\x00\x00X\x00\
\x00\x0e\x1a\x00\x00\x00Y\x00\x00\x0e\xd0\x00\x00\x05\xb1\x00\
\x00\x0e<\x00\x00\x05\xb2\x00\x00\x0ea\x00\x00\x05\xb3\x00\
\x00\x0e\x86\x00\x00\x05\xb4\x00\x00\x0e\xab\x00\x00\x05\xc1\x00\
\x00\x0e\xf2\x00\x00\x05\xc2\x00\x00\x0f\x17\x00\x00\x05\xc3\x00\
\x00\x0f<\x00\x00\x05\xc4\x00\x00\x0fa\x00\x04\x8c\xaf\x00\
\x00\x0c\xca\x00\x04\xa6y\x00\x00\x14B\x00\x04\xa9`\x00\
\x00\x0d.\x00\x05\x8bt\x00\x00\x0d\x92\x00\x05\x8b\xa4\x00\
\x00\x0d\xbd\x00\x05\x8b\xaf\x00\x00\x1cB\x00\x05\x98\xc5\x00\
\x00\x1d\xb5\x00\x05\x98\xc5\x00\x00\x22\x0f\x00\x05\xc4\xaf\x00\
\x00\x1f\xeb\x00\x105\xbe\x00\x00\x05\x08\x00\x17\xac\xbe\x00\
\x00\x1ee\x00*\xbb\x04\x00\x00\x0f\xc7\x00*\xd0%\x00\
\x00\x10\x00\x00+\xcf\xc7\x00\x00\x11l\x00G\xdf\x04\x00\
\x00\x174\x00HN%\x00\x00\x22E\x00Jcb\x00\
\x00$\xd3\x00V\x8a\xa5\x00\x00\x1bf\x00Y\xf6d\x00\
\x00\x01T\x00Y\xf6d\x00\x00\x09\xf8\x00]\xfb\xa8\x00\
\x00\x0d\xe8\x00\x81;\xb2\x00\x00!\xae\x01I\xcc\x12\x00\
\x00$m\x01S\xba\x83\x00\x00\x17i\x01\x80\x912\x00\
\x00#\xb6\x01\xcdQN\x00\x00\x03K\x02X\xa3\xd3\x00\
\x00\x07\xc2\x02\xda\xb7>\x00\x00\x08\xa9\x02\xe1x\xce\x00\
\x00\x02=\x03\x01mV\x00\x00\x15\x1e\x03\x16Jn\x00\
\x00\x15\x80\x03\x1c\xc2\x17\x00\x00\x15\xe5\x03VG>\x00\
\x00\x07W\x03\xa0D\xef\x00\x00\x1d\xeb\x03\xbax\x12\x00\
\x00\x18\x1e\x03\xd9\x80\xd9\x00\x00 u\x03\xe7H\x1c\x00\
\x00#<\x04l;N\x00\x00!^\x04\x98<\x81\x00\
\x00\x12W\x04\x98I\xbc\x00\x00\x12\xdd\x04\xa0\x8a%\x00\
\x00\x0d\x01\x04\xeb\xfd\xf4\x00\x00\x0da\x04\xfeM\x9e\x00\
\x00\x13\x19\x05Q\x0a5\x00\x00\x10\x93\x05\x96\xa8\xa5\x00\
\x00\x22\xc5\x05\xd7I^\x00\x00\x17\xd3\x06k{%\x00\
\x00\x19J\x06l\x13\xbe\x00\x00\x10\xe3\x06t{\x89\x00\
\x00 %\x06\x96\xb1\x04\x00\x00\x22\xf6\x06\xf0\xf7N\x00\
\x00\x0c \x07! \xe5\x00\x00\x04!\x07c\xd9\xce\x00\
\x00\x11#\x07\xa0\x96\xd6\x00\x00\x14\xbb\x07\xd4\xa5\xe2\x00\
\x00\x00\x00\x07\xd4\xa5\xe2\x00\x00\x01\xee\x07\xd4\xa5\xe2\x00\
\x00\x12\x8f\x07\xdfi\xe4\x00\x00\x19\x98\x08\x186\x1f\x00\
\x00\x18p\x08\x186\x1f\x00\x00 \xc6\x08!\xcb\x99\x00\
\x00\x16\xa3\x08\xda4\xd7\x00\x00\x10=\x09K\xbbT\x00\
\x00\x09*\x09\x5c:\xa2\x00\x00\x11\xf1\x09\x8cv\xd3\x00\
\x00\x0f\x86\x09\xa1\xb6\xd5\x00\x00\x0bU\x0a3\x04\x04\x00\
\x00%r\x0az\x9d\x1e\x00\x00\x06\x16\x0a\x8a:n\x00\
\x00\x1dv\x0a\x961N\x00\x00\x14x\x0a\xb8\x99\xe5\x00\
\x00\x00I\x0a\xf6\xb3\xd2\x00\x00%\x07\x0b\x16\xe1\xa0\x00\
\x00\x22w\x0bF\x1a)\x00\x00%\xbe\x0bF\x1a)\x00\
\x00&j\x0b[\xbdT\x00\x00\x1b\xed\x0b\x96\x00\x0c\x00\
\x00\x1e\xb0\x0b\xad\x83~\x00\x00\x08.\x0b\xb0\xd3^\x00\
\x00\x05\x7f\x0b\xc4\xe5\x8e\x00\x00\x03\xc9\x0b\xd2\xd3$\x00\
\x00\x1d#\x0c\x02\x9b\x89\x00\x00&\x22\x0c\x02\xb3#\x00\
\x00\x00\xa4\x0c\x04\x9aE\x00\x00\x1b\x1b\x0cW\x8b\xee\x00\
\x00\x0a8\x0cW\x8e\xee\x00\x00\x19\xe9\x0c\xb5\xad\xe0\x00\
\x00\x11\x9f\x0c\xbb\x01s\x00\x00$.\x0dP\xbb\xf2\x00\
\x00\x1f\x1d\x0d\xa34e\x00\x00\x1b\x9b\x0d\xa7\xa2\xd9\x00\
\x00\x01\x8e\x0d\xa8\xde\x82\x00\x00\x1f\x80\x0d\xbd\x894\x00\
\x00\x1c\xcf\x0d\xc70D\x00\x00\x1cz\x0f\x01\xaeN\x00\
\x00\x04\xa7\x0f\x01\xaeN\x00\x00\x13\xe2\x0fA\xfd.\x00\
\x00\x06\xb7\x0f\xdd\xe8\x9e\x00\x00\x19\x08\x0f\xf2\x97\xf3\x00\
\x00\x16.i\x00\x00&\xce\x03\x00\x00\x00\x1c\x00E\x00\
r\x00r\x00o\x00 \x00d\x00a\x00 \x00c\x00\
\xe2\x00m\x00a\x00r\x00a\x08\x00\x00\x00\x00\x06\x00\
\x00\x00\x0cCamera Error\x07\
\x00\x00\x00\x0cCameraDialog\
\x01\x03\x00\x00\x00&\x00C\x00\xe2\x00m\x00a\x00r\
\x00a\x00 \x00i\x00n\x00d\x00i\x00s\x00p\
\x00o\x00n\x00\xed\x00v\x00e\x00l\x08\x00\x00\x00\
\x00\x06\x00\x00\x00\x14Camera not\
 available\x07\x00\x00\x00\x0cC\
ameraDialog\x01\x03\x00\x00\x00\
b\x00C\x00\xe2\x00m\x00a\x00r\x00a\x00 \x00\
i\x00n\x00d\x00i\x00s\x00p\x00o\x00n\x00\
\xed\x00v\x00e\x00l\x00 \x00o\x00u\x00 \x00\
d\x00e\x00s\x00a\x00c\x00t\x00i\x00v\x00\
a\x00d\x00a\x00 \x00p\x00e\x00l\x00o\x00\
 \x00a\x00n\x00t\x00i\x00v\x00\xed\x00r\x00\
u\x00s\x08\x00\x00\x00\x00\x06\x00\x00\x00-Cam\
era not availabl\
e or disabled by\
 antivirus\x07\x00\x00\x00\x0cC\
ameraDialog\x01\x03\x00\x00\x00\
\x14\x00F\x00o\x00t\x00o\x00g\x00r\x00a\x00\
f\x00a\x00r\x08\x00\x00\x00\x00\x06\x00\x00\x00\x05S\
hoot\x07\x00\x00\x00\x0cCameraD\
ialog\x01\x03\x00\x00\x00&\x00C\x00\xe2\x00\
m\x00a\x00r\x00a\x00 \x00(\x00l\x00i\x00\
b\x00g\x00p\x00h\x00o\x00t\x00o\x002\x00\
)\x08\x00\x00\x00\x00\x06\x00\x00\x00\x13Camer\
a (libgphoto2)\x07\x00\
\x00\x00\x12CameraGPhotoD\
ialog\x01\x03\x00\x00\x00\x1c\x00E\x00r\x00\
r\x00o\x00 \x00d\x00a\x00 \x00c\x00\xe2\x00\
m\x00a\x00r\x00a\x08\x00\x00\x00\x00\x06\x00\x00\x00\
\x0cCamera Error\x07\x00\x00\
\x00\x12CameraGPhotoDi\
alog\x01\x03\x00\x00\x00\xa4\x00C\x00\xe2\x00m\
\x00a\x00r\x00a\x00 \x00i\x00n\x00d\x00i\
\x00s\x00p\x00o\x00n\x00\xed\x00v\x00e\x00l\
\x00;\x00 \x00a\x00 \x00m\x00o\x00s\x00t\
\x00r\x00a\x00r\x00 \x00a\x00s\x00 \x00d\
\x00e\x00f\x00i\x00n\x00i\x00\xe7\x00\xf5\x00e\
\x00s\x00 \x00g\x00u\x00a\x00r\x00d\x00a\
\x00d\x00a\x00s\x00.\x00 \x00A\x00 \x00c\
\x00a\x00p\x00t\x00u\x00r\x00a\x00 \x00e\
\x00s\x00t\x00\xe1\x00 \x00d\x00e\x00s\x00a\
\x00t\x00i\x00v\x00a\x00d\x00a\x00.\x08\x00\
\x00\x00\x00\x06\x00\x00\x00CCamera i\
s unavailable; s\
howing saved set\
tings. Capture i\
s disabled.\x07\x00\x00\x00\x12\
CameraGPhotoDial\
og\x01\x03\x00\x00\x00@\x00D\x00e\x00f\x00i\
\x00n\x00i\x00\xe7\x00\xf5\x00e\x00s\x00 \x00d\
\x00a\x00 \x00c\x00\xe2\x00m\x00a\x00r\x00a\
\x00 \x00c\x00a\x00r\x00r\x00e\x00g\x00a\
\x00d\x00a\x00s\x00.\x08\x00\x00\x00\x00\x06\x00\x00\
\x00\x17Camera setting\
s loaded.\x07\x00\x00\x00\x12Ca\
meraGPhotoDialog\
\x01\x03\x00\x00\x00\x22\x00F\x00a\x00l\x00h\x00a\
\x00 \x00n\x00a\x00 \x00c\x00a\x00p\x00t\
\x00u\x00r\x00a\x00.\x08\x00\x00\x00\x00\x06\x00\x00\
\x00\x0fCapture failed\
.\x07\x00\x00\x00\x12CameraGPho\
toDialog\x01\x03\x00\x00\x00H\x00C\
\x00a\x00p\x00t\x00u\x00r\x00a\x00r\x00 \
\x00n\x00o\x00 \x00m\x00o\x00d\x00o\x00 \
\x00d\x00e\x00 \x00p\x00r\x00\xe9\x00-\x00v\
\x00i\x00s\x00u\x00a\x00l\x00i\x00z\x00a\
\x00\xe7\x00\xe3\x00o\x08\x00\x00\x00\x00\x06\x00\x00\x00\x17\
Capture in previ\
ew mode\x07\x00\x00\x00\x12Came\
raGPhotoDialog\x01\x03\
\x00\x00\x00(\x00A\x00 \x00c\x00a\x00p\x00t\
\x00u\x00r\x00a\x00r\x00 \x00i\x00m\x00a\
\x00g\x00e\x00m\x00.\x00.\x00.\x08\x00\x00\x00\
\x00\x06\x00\x00\x00\x12Capturing \
image...\x07\x00\x00\x00\x12Cam\
eraGPhotoDialog\x01\
\x03\x00\x00\x00<\x00A\x00 \x00c\x00a\x00p\x00\
t\x00u\x00r\x00a\x00r\x00 \x00p\x00r\x00\
\xe9\x00-\x00v\x00i\x00s\x00u\x00a\x00l\x00\
i\x00z\x00a\x00\xe7\x00\xe3\x00o\x00.\x00.\x00\
.\x08\x00\x00\x00\x00\x06\x00\x00\x00\x14Captu\
ring preview...\x07\
\x00\x00\x00\x12CameraGPhoto\
Dialog\x01\x03\x00\x00\x00P\x00N\x00\xe3\
\x00o\x00 \x00f\x00o\x00i\x00 \x00p\x00o\
\x00s\x00s\x00\xed\x00v\x00e\x00l\x00 \x00i\
\x00n\x00i\x00c\x00i\x00a\x00l\x00i\x00z\
\x00a\x00r\x00 \x00l\x00i\x00b\x00g\x00p\
\x00h\x00o\x00t\x00o\x002\x00.\x08\x00\x00\x00\
\x00\x06\x00\x00\x00 Could not \
initialize libgp\
hoto2.\x07\x00\x00\x00\x12Camer\
aGPhotoDialog\x01\x03\x00\
\x00\x00\x5c\x00N\x00\xe3\x00o\x00 \x00f\x00o\x00\
i\x00 \x00p\x00o\x00s\x00s\x00\xed\x00v\x00\
e\x00l\x00 \x00d\x00e\x00t\x00e\x00t\x00\
a\x00r\x00 \x00n\x00o\x00v\x00a\x00m\x00\
e\x00n\x00t\x00e\x00 \x00a\x00s\x00 \x00\
c\x00\xe2\x00m\x00a\x00r\x00a\x00s\x00.\x08\
\x00\x00\x00\x00\x06\x00\x00\x00\x1eCould n\
ot re-evaluate c\
ameras.\x07\x00\x00\x00\x12Came\
raGPhotoDialog\x01\x03\
\x00\x00\x00Z\x00N\x00\xe3\x00o\x00 \x00f\x00o\
\x00i\x00 \x00p\x00o\x00s\x00s\x00\xed\x00v\
\x00e\x00l\x00 \x00l\x00e\x00r\x00 \x00a\
\x00s\x00 \x00d\x00e\x00f\x00i\x00n\x00i\
\x00\xe7\x00\xf5\x00e\x00s\x00 \x00d\x00a\x00 \
\x00c\x00\xe2\x00m\x00a\x00r\x00a\x00.\x08\x00\
\x00\x00\x00\x06\x00\x00\x00\x1fCould no\
t read camera se\
ttings.\x07\x00\x00\x00\x12Came\
raGPhotoDialog\x01\x03\
\x00\x00\x000\x00N\x00e\x00n\x00h\x00u\x00m\
\x00a\x00 \x00c\x00\xe2\x00m\x00a\x00r\x00a\
\x00 \x00d\x00e\x00t\x00e\x00t\x00a\x00d\
\x00a\x00.\x08\x00\x00\x00\x00\x06\x00\x00\x00\x14No\
 cameras detecte\
d.\x07\x00\x00\x00\x12CameraGPh\
otoDialog\x01\x03\x00\x00\x002\x00\
D\x00e\x00t\x00e\x00t\x00a\x00r\x00 \x00\
n\x00o\x00v\x00a\x00m\x00e\x00n\x00t\x00\
e\x00 \x00c\x00\xe2\x00m\x00a\x00r\x00a\x00\
s\x08\x00\x00\x00\x00\x06\x00\x00\x00\x13Re-ev\
aluate cameras\x07\x00\
\x00\x00\x12CameraGPhotoD\
ialog\x01\x03\x00\x00\x00<\x00A\x00 \x00\
d\x00e\x00t\x00e\x00t\x00a\x00r\x00 \x00\
n\x00o\x00v\x00a\x00m\x00e\x00n\x00t\x00\
e\x00 \x00c\x00\xe2\x00m\x00a\x00r\x00a\x00\
s\x00.\x00.\x00.\x08\x00\x00\x00\x00\x06\x00\x00\x00\
\x18Re-evaluating c\
ameras...\x07\x00\x00\x00\x12Ca\
meraGPhotoDialog\
\x01\x03\x00\x00\x00@\x00A\x00 \x00l\x00e\x00r\
\x00 \x00a\x00s\x00 \x00d\x00e\x00f\x00i\
\x00n\x00i\x00\xe7\x00\xf5\x00e\x00s\x00 \x00d\
\x00a\x00 \x00c\x00\xe2\x00m\x00a\x00r\x00a\
\x00.\x00.\x00.\x08\x00\x00\x00\x00\x06\x00\x00\x00\x1a\
Reading camera s\
ettings...\x07\x00\x00\x00\x12C\
ameraGPhotoDialo\
g\x01\x03\x00\x00\x00x\x00R\x00e\x00s\x00t\x00\
a\x00u\x00r\x00a\x00r\x00 \x00o\x00 \x00\
d\x00e\x00s\x00t\x00i\x00n\x00o\x00 \x00\
d\x00e\x00 \x00c\x00a\x00p\x00t\x00u\x00\
r\x00a\x00 \x00o\x00r\x00i\x00g\x00i\x00\
n\x00a\x00l\x00 \x00a\x00p\x00\xf3\x00s\x00\
 \x00c\x00a\x00d\x00a\x00 \x00f\x00o\x00\
t\x00o\x00g\x00r\x00a\x00f\x00i\x00a\x08\
\x00\x00\x00\x00\x06\x00\x00\x00/Restore\
 original captur\
e target after e\
ach shot\x07\x00\x00\x00\x12Cam\
eraGPhotoDialog\x01\
\x03\x00\x00\x00\x14\x00F\x00o\x00t\x00o\x00g\x00\
r\x00a\x00f\x00a\x00r\x08\x00\x00\x00\x00\x06\x00\
\x00\x00\x05Shoot\x07\x00\x00\x00\x12Cam\
eraGPhotoDialog\x01\
\x03\x00\x00\x00\xac\x00A\x00 \x00c\x00a\x00p\x00\
t\x00u\x00r\x00a\x00 \x00p\x00a\x00d\x00\
r\x00\xe3\x00o\x00 \x00s\x00\xf3\x00 \x00e\x00\
s\x00t\x00\xe1\x00 \x00d\x00i\x00s\x00p\x00\
o\x00n\x00\xed\x00v\x00e\x00l\x00 \x00q\x00\
u\x00a\x00n\x00d\x00o\x00 \x00e\x00s\x00\
t\x00\xe1\x00 \x00s\x00e\x00l\x00e\x00c\x00\
i\x00o\x00n\x00a\x00d\x00o\x00 \x00u\x00\
m\x00 \x00d\x00e\x00s\x00t\x00i\x00n\x00\
o\x00 \x00n\x00a\x00 \x00R\x00A\x00M\x00\
 \x00i\x00n\x00t\x00e\x00r\x00n\x00a\x00\
.\x08\x00\x00\x00\x00\x06\x00\x00\x00JStand\
ard capture is u\
navailable unles\
s an internal-RA\
M target is sele\
cted.\x07\x00\x00\x00\x12Camera\
GPhotoDialog\x01\x03\x00\x00\
\x00z\x00O\x00s\x00 \x00d\x00a\x00d\x00o\
\x00s\x00 \x00c\x00a\x00p\x00t\x00u\x00r\
\x00a\x00d\x00o\x00s\x00 \x00n\x00\xe3\x00o\
\x00 \x00e\x00s\x00t\x00\xe3\x00o\x00 \x00n\
\x00u\x00m\x00 \x00f\x00o\x00r\x00m\x00a\
\x00t\x00o\x00 \x00d\x00e\x00 \x00i\x00m\
\x00a\x00g\x00e\x00m\x00 \x00s\x00u\x00p\
\x00o\x00r\x00t\x00a\x00d\x00o\x08\x00\x00\x00\
\x00\x06\x00\x00\x00*The captur\
ed data is not a\
 supported image\
\x07\x00\x00\x00\x12CameraGPhot\
oDialog\x01\x03\x00\x00\x00V\x00E\x00\
s\x00t\x00a\x00 \x00c\x00\xe2\x00m\x00a\x00\
r\x00a\x00 \x00n\x00\xe3\x00o\x00 \x00s\x00\
u\x00p\x00o\x00r\x00t\x00a\x00 \x00c\x00\
a\x00p\x00t\x00u\x00r\x00a\x00 \x00d\x00\
e\x00 \x00i\x00m\x00a\x00g\x00e\x00n\x00\
s\x00.\x08\x00\x00\x00\x00\x06\x00\x00\x00-Thi\
s camera does no\
t advertise imag\
e capture.\x07\x00\x00\x00\x12C\
ameraGPhotoDialo\
g\x01\x03\x00\x00\x00\x14\x00A\x00u\x00t\x00o\x00\
m\x00\xe1\x00t\x00i\x00c\x00o\x08\x00\x00\x00\x00\
\x06\x00\x00\x00\x04Auto\x07\x00\x00\x00\x0aCr\
opDialog\x01\x03\x00\x00\x00\x08\x00C\
\x00\xed\x00r\x00c\x08\x00\x00\x00\x00\x06\x00\x00\x00\x06\
Circle\x07\x00\x00\x00\x0aCropD\
ialog\x01\x03\x00\x00\x00\x10\x00R\x00e\x00\
c\x00o\x00r\x00t\x00a\x00r\x08\x00\x00\x00\x00\
\x06\x00\x00\x00\x04Crop\x07\x00\x00\x00\x0aCr\
opDialog\x01\x03\x00\x00\x00\x0c\x00A\
\x00l\x00t\x00u\x00r\x00a\x08\x00\x00\x00\x00\x06\
\x00\x00\x00\x06Height\x07\x00\x00\x00\x0aC\
ropDialog\x01\x03\x00\x00\x00\x08\x00\
Q\x00u\x00a\x00d\x08\x00\x00\x00\x00\x06\x00\x00\x00\
\x04Quad\x07\x00\x00\x00\x0aCropDi\
alog\x01\x03\x00\x00\x00\x08\x00R\x00e\x00c\
\x00t\x08\x00\x00\x00\x00\x06\x00\x00\x00\x04Rect\
\x07\x00\x00\x00\x0aCropDialog\x01\
\x03\x00\x00\x00\x0e\x00L\x00a\x00r\x00g\x00u\x00\
r\x00a\x08\x00\x00\x00\x00\x06\x00\x00\x00\x05Wid\
th\x07\x00\x00\x00\x0aCropDialo\
g\x01\x03\x00\x00\x00\x02\x00X\x08\x00\x00\x00\x00\x06\x00\
\x00\x00\x01X\x07\x00\x00\x00\x0aCropDia\
log\x01\x03\x00\x00\x00\x04\x00X\x001\x08\x00\x00\
\x00\x00\x06\x00\x00\x00\x02X1\x07\x00\x00\x00\x0aCr\
opDialog\x01\x03\x00\x00\x00\x04\x00X\
\x002\x08\x00\x00\x00\x00\x06\x00\x00\x00\x02X2\x07\x00\
\x00\x00\x0aCropDialog\x01\x03\x00\
\x00\x00\x04\x00X\x003\x08\x00\x00\x00\x00\x06\x00\x00\x00\
\x02X3\x07\x00\x00\x00\x0aCropDial\
og\x01\x03\x00\x00\x00\x04\x00X\x004\x08\x00\x00\x00\
\x00\x06\x00\x00\x00\x02X4\x07\x00\x00\x00\x0aCro\
pDialog\x01\x03\x00\x00\x00\x02\x00Y\x08\
\x00\x00\x00\x00\x06\x00\x00\x00\x01Y\x07\x00\x00\x00\x0aC\
ropDialog\x01\x03\x00\x00\x00\x04\x00\
Y\x001\x08\x00\x00\x00\x00\x06\x00\x00\x00\x02Y1\x07\
\x00\x00\x00\x0aCropDialog\x01\x03\
\x00\x00\x00\x04\x00Y\x002\x08\x00\x00\x00\x00\x06\x00\x00\
\x00\x02Y2\x07\x00\x00\x00\x0aCropDia\
log\x01\x03\x00\x00\x00\x04\x00Y\x003\x08\x00\x00\
\x00\x00\x06\x00\x00\x00\x02Y3\x07\x00\x00\x00\x0aCr\
opDialog\x01\x03\x00\x00\x00\x04\x00Y\
\x004\x08\x00\x00\x00\x00\x06\x00\x00\x00\x02Y4\x07\x00\
\x00\x00\x0aCropDialog\x01\x03\x00\
\x00\x00\x16\x00G\x00r\x00a\x00v\x00a\x00r\x00\
 \x00c\x00o\x00m\x00o\x08\x00\x00\x00\x00\x06\x00\
\x00\x00\x07Save as\x07\x00\x00\x00\x0fG\
etSaveFileName\x01\x03\
\x00\x00\x00\x0e\x00&\x00E\x00d\x00i\x00t\x00a\
\x00r\x08\x00\x00\x00\x00\x06\x00\x00\x00\x05&Edi\
t\x07\x00\x00\x00\x11ImageEdito\
rDialog\x01\x03\x00\x00\x00\x12\x00&\x00\
F\x00i\x00c\x00h\x00e\x00i\x00r\x00o\x08\
\x00\x00\x00\x00\x06\x00\x00\x00\x05&File\x07\x00\
\x00\x00\x11ImageEditorDi\
alog\x01\x03\x00\x00\x00\x22\x00A\x00&\x00j\
\x00u\x00s\x00t\x00a\x00r\x00 \x00\xe0\x00 \
\x00j\x00a\x00n\x00e\x00l\x00a\x08\x00\x00\x00\
\x00\x06\x00\x00\x00\x0e&Fit to Wi\
ndow\x07\x00\x00\x00\x11ImageEd\
itorDialog\x01\x03\x00\x00\x00\x1e\
\x00T\x00a\x00m\x00a\x00n\x00h\x00o\x00 \
\x00&\x00n\x00o\x00r\x00m\x00a\x00l\x08\x00\
\x00\x00\x00\x06\x00\x00\x00\x0c&Normal \
Size\x07\x00\x00\x00\x11ImageEd\
itorDialog\x01\x03\x00\x00\x00\x12\
\x00&\x00A\x00b\x00r\x00i\x00r\x00.\x00.\
\x00.\x08\x00\x00\x00\x00\x06\x00\x00\x00\x08&Ope\
n...\x07\x00\x00\x00\x11ImageEd\
itorDialog\x01\x03\x00\x00\x00\x18\
\x00G\x00r\x00a\x00&\x00v\x00a\x00r\x00 \
\x00c\x00o\x00m\x00o\x08\x00\x00\x00\x00\x06\x00\x00\
\x00\x0b&Save As...\x07\x00\x00\
\x00\x11ImageEditorDia\
log\x01\x03\x00\x00\x00\x08\x00&\x00V\x00e\x00\
r\x08\x00\x00\x00\x00\x06\x00\x00\x00\x05&View\
\x07\x00\x00\x00\x11ImageEditor\
Dialog\x01\x03\x00\x00\x00$\x00R\x00e\
\x00c\x00o\x00r\x00t\x00e\x00 \x00a\x00u\
\x00t\x00o\x00m\x00\xe1\x00t\x00i\x00c\x00o\
\x08\x00\x00\x00\x00\x06\x00\x00\x00\x08Autocr\
op\x07\x00\x00\x00\x11ImageEdit\
orDialog\x01\x03\x00\x00\x000\x00E\
\x00x\x00p\x00l\x00o\x00r\x00a\x00r\x00 \
\x00n\x00o\x00 \x00v\x00i\x00s\x00u\x00a\
\x00l\x00i\x00z\x00a\x00d\x00o\x00r\x08\x00\
\x00\x00\x00\x06\x00\x00\x00\x10Browse i\
n viewer\x07\x00\x00\x00\x11Ima\
geEditorDialog\x01\x03\
\x00\x00\x00\x0c\x00C\x00\xe2\x00m\x00a\x00r\x00a\
\x08\x00\x00\x00\x00\x06\x00\x00\x00\x06Camera\
\x07\x00\x00\x00\x11ImageEditor\
Dialog\x01\x03\x00\x00\x00\x1c\x00E\x00r\
\x00r\x00o\x00 \x00d\x00a\x00 \x00c\x00\xe2\
\x00m\x00a\x00r\x00a\x08\x00\x00\x00\x00\x06\x00\x00\
\x00\x0cCamera Error\x07\x00\
\x00\x00\x11ImageEditorDi\
alog\x01\x03\x00\x00\x00\x10\x00C\x00a\x00n\
\x00c\x00e\x00l\x00a\x00r\x08\x00\x00\x00\x00\x06\
\x00\x00\x00\x06Cancel\x07\x00\x00\x00\x11I\
mageEditorDialog\
\x01\x03\x00\x00\x00|\x00O\x00s\x00 \x00d\x00a\
\x00d\x00o\x00s\x00 \x00c\x00a\x00p\x00t\
\x00u\x00r\x00a\x00d\x00o\x00s\x00 \x00n\
\x00\xe3\x00o\x00 \x00e\x00s\x00t\x00\xe3\x00o\
\x00 \x00n\x00u\x00m\x00 \x00f\x00o\x00r\
\x00m\x00a\x00t\x00o\x00 \x00d\x00e\x00 \
\x00i\x00m\x00a\x00g\x00e\x00m\x00 \x00s\
\x00u\x00p\x00o\x00r\x00t\x00a\x00d\x00o\
\x00.\x08\x00\x00\x00\x00\x06\x00\x00\x00'Capt\
ured data is not\
 a supported ima\
ge.\x07\x00\x00\x00\x11ImageEdi\
torDialog\x01\x03\x00\x00\x00(\x00\
A\x00 \x00c\x00a\x00p\x00t\x00u\x00r\x00\
a\x00r\x00 \x00i\x00m\x00a\x00g\x00e\x00\
m\x00.\x00.\x00.\x08\x00\x00\x00\x00\x06\x00\x00\x00\
\x12Capturing image\
...\x07\x00\x00\x00\x11ImageEdi\
torDialog\x01\x03\x00\x00\x00\x0c\x00\
C\x00o\x00p\x00i\x00a\x00r\x08\x00\x00\x00\x00\
\x06\x00\x00\x00\x04Copy\x07\x00\x00\x00\x11Im\
ageEditorDialog\x01\
\x03\x00\x00\x00\x16\x00R\x00e\x00c\x00o\x00r\x00\
t\x00a\x00r\x00.\x00.\x00.\x08\x00\x00\x00\x00\
\x06\x00\x00\x00\x07Crop...\x07\x00\x00\x00\
\x11ImageEditorDial\
og\x01\x03\x00\x00\x000\x00C\x00o\x00r\x00t\
\x00a\x00r\x00 \x00a\x00 \x00m\x00e\x00t\
\x00a\x00d\x00e\x00 \x00e\x00s\x00q\x00u\
\x00e\x00r\x00d\x00a\x08\x00\x00\x00\x00\x06\x00\x00\
\x00\x0dCut left half\x07\
\x00\x00\x00\x11ImageEditorD\
ialog\x01\x03\x00\x00\x00.\x00C\x00o\x00\
r\x00t\x00a\x00r\x00 \x00a\x00 \x00m\x00\
e\x00t\x00a\x00d\x00e\x00 \x00d\x00i\x00\
r\x00e\x00i\x00t\x00a\x08\x00\x00\x00\x00\x06\x00\
\x00\x00\x0eCut right hal\
f\x07\x00\x00\x00\x11ImageEdito\
rDialog\x01\x03\x00\x00\x00*\x00N\x00\
\xe3\x00o\x00 \x00m\x00o\x00s\x00t\x00r\x00\
a\x00r\x00 \x00n\x00o\x00v\x00a\x00m\x00\
e\x00n\x00t\x00e\x08\x00\x00\x00\x00\x06\x00\x00\x00\
\x15Don't show this\
 again\x07\x00\x00\x00\x11Image\
EditorDialog\x01\x03\x00\x00\
\x00\x18\x00A\x00 \x00t\x00r\x00a\x00n\x00s\
\x00f\x00e\x00r\x00i\x00r\x08\x00\x00\x00\x00\x06\
\x00\x00\x00\x0bDownloading\x07\
\x00\x00\x00\x11ImageEditorD\
ialog\x01\x03\x00\x00\x008\x00A\x00 \x00\
t\x00r\x00a\x00n\x00s\x00f\x00e\x00r\x00\
i\x00r\x00 \x00m\x00o\x00d\x00e\x00l\x00\
o\x00 \x00d\x00e\x00 \x00I\x00A\x00 \x00\
%\x00s\x08\x00\x00\x00\x00\x06\x00\x00\x00\x17Dow\
nloading AI mode\
l %s\x07\x00\x00\x00\x11ImageEd\
itorDialog\x01\x03\x00\x00\x00L\
\x00A\x00 \x00t\x00r\x00a\x00n\x00s\x00f\
\x00e\x00r\x00i\x00r\x00 \x00o\x00 \x00m\
\x00o\x00d\x00e\x00l\x00o\x00 \x00d\x00e\
\x00 \x00I\x00A\x00 \x00%\x00s\x00 \x00(\
\x00%\x00d\x00 \x00M\x00B\x00)\x08\x00\x00\x00\
\x00\x06\x00\x00\x00\x1fDownloadin\
g AI model %s (%\
d MB)\x07\x00\x00\x00\x11ImageE\
ditorDialog\x01\x03\x00\x00\x00\
\x0a\x00&\x00S\x00a\x00i\x00r\x08\x00\x00\x00\x00\
\x06\x00\x00\x00\x05E&xit\x07\x00\x00\x00\x11I\
mageEditorDialog\
\x01\x03\x00\x00\x00.\x00F\x00a\x00l\x00h\x00a\
\x00 \x00a\x00o\x00 \x00t\x00r\x00a\x00n\
\x00s\x00f\x00e\x00r\x00i\x00r\x00:\x00 \
\x00%\x00s\x08\x00\x00\x00\x00\x06\x00\x00\x00\x16Fa\
iled to download\
: %s\x07\x00\x00\x00\x11ImageEd\
itorDialog\x01\x03\x00\x00\x00\x1a\
\x00E\x00c\x00r\x00\xe3\x00 \x00c\x00o\x00m\
\x00p\x00l\x00e\x00t\x00o\x08\x00\x00\x00\x00\x06\
\x00\x00\x00\x0bFull Screen\x07\
\x00\x00\x00\x11ImageEditorD\
ialog\x01\x03\x00\x00\x00 \x00E\x00d\x00\
i\x00t\x00o\x00r\x00 \x00d\x00e\x00 \x00\
i\x00m\x00a\x00g\x00e\x00m\x08\x00\x00\x00\x00\
\x06\x00\x00\x00\x0cImage edito\
r\x07\x00\x00\x00\x11ImageEdito\
rDialog\x01\x03\x00\x00\x00R\x00A\x00\
 \x00i\x00m\x00a\x00g\x00e\x00m\x00 \x00\
f\x00o\x00i\x00 \x00a\x00l\x00t\x00e\x00\
r\x00a\x00d\x00a\x00.\x00 \x00G\x00r\x00\
a\x00v\x00a\x00r\x00 \x00a\x00l\x00t\x00\
e\x00r\x00a\x00\xe7\x00\xf5\x00e\x00s\x00?\x08\
\x00\x00\x00\x00\x06\x00\x00\x00 Image w\
as changed. Save\
 changes?\x07\x00\x00\x00\x11Im\
ageEditorDialog\x01\
\x03\x00\x00\x00\x12\x00N\x00a\x00v\x00e\x00g\x00\
a\x00\xe7\x00\xe3\x00o\x08\x00\x00\x00\x00\x06\x00\x00\x00\
\x0aNavigation\x07\x00\x00\x00\x11\
ImageEditorDialo\
g\x01\x03\x00\x00\x00\x1e\x00I\x00m\x00a\x00g\x00\
e\x00m\x00 \x00s\x00e\x00g\x00u\x00i\x00\
n\x00t\x00e\x08\x00\x00\x00\x00\x06\x00\x00\x00\x0aN\
ext image\x07\x00\x00\x00\x11Im\
ageEditorDialog\x01\
\x03\x00\x00\x00 \x00R\x00e\x00g\x00i\x00s\x00\
t\x00o\x00 \x00s\x00e\x00g\x00u\x00i\x00\
n\x00t\x00e\x08\x00\x00\x00\x00\x06\x00\x00\x00\x0bN\
ext record\x07\x00\x00\x00\x11I\
mageEditorDialog\
\x01\x03\x00\x00\x00\xbe\x00N\x00\xe3\x00o\x00 \x00e\
\x00s\x00t\x00\xe1\x00 \x00c\x00o\x00n\x00f\
\x00i\x00g\x00u\x00r\x00a\x00d\x00a\x00 \
\x00n\x00e\x00n\x00h\x00u\x00m\x00a\x00 \
\x00c\x00\xe2\x00m\x00a\x00r\x00a\x00 \x00l\
\x00i\x00b\x00g\x00p\x00h\x00o\x00t\x00o\
\x002\x00.\x00 \x00A\x00b\x00r\x00a\x00 \
\x00\xab\x00C\x00\xe2\x00m\x00a\x00r\x00a\x00 \
\x00(\x00l\x00i\x00b\x00g\x00p\x00h\x00o\
\x00t\x00o\x002\x00)\x00\xbb\x00 \x00p\x00a\
\x00r\x00a\x00 \x00c\x00o\x00n\x00f\x00i\
\x00g\x00u\x00r\x00a\x00r\x00 \x00u\x00m\
\x00a\x00.\x08\x00\x00\x00\x00\x06\x00\x00\x00NNo\
 libgphoto2 came\
ra is configured\
. Open Camera (l\
ibgphoto2) to co\
nfigure one.\x07\x00\x00\x00\
\x11ImageEditorDial\
og\x01\x03\x00\x00\x00\x1c\x00A\x00b\x00r\x00i\
\x00r\x00 \x00f\x00i\x00c\x00h\x00e\x00i\
\x00r\x00o\x08\x00\x00\x00\x00\x06\x00\x00\x00\x09Op\
en File\x07\x00\x00\x00\x11Imag\
eEditorDialog\x01\x03\x00\
\x00\x00\x0a\x00C\x00o\x00l\x00a\x00r\x08\x00\x00\
\x00\x00\x06\x00\x00\x00\x05Paste\x07\x00\x00\x00\
\x11ImageEditorDial\
og\x01\x03\x00\x00\x00\x1e\x00I\x00m\x00a\x00g\
\x00e\x00m\x00 \x00a\x00n\x00t\x00e\x00r\
\x00i\x00o\x00r\x08\x00\x00\x00\x00\x06\x00\x00\x00\x0e\
Previous image\x07\x00\
\x00\x00\x11ImageEditorDi\
alog\x01\x03\x00\x00\x00 \x00R\x00e\x00g\
\x00i\x00s\x00t\x00o\x00 \x00a\x00n\x00t\
\x00e\x00r\x00i\x00o\x00r\x08\x00\x00\x00\x00\x06\
\x00\x00\x00\x0fPrevious rec\
ord\x07\x00\x00\x00\x11ImageEdi\
torDialog\x01\x03\x00\x00\x00\x0e\x00\
R\x00e\x00f\x00a\x00z\x00e\x00r\x08\x00\x00\
\x00\x00\x06\x00\x00\x00\x04Redo\x07\x00\x00\x00\x11\
ImageEditorDialo\
g\x01\x03\x00\x00\x00\x1e\x00R\x00e\x00m\x00o\x00\
v\x00e\x00r\x00 \x00o\x00 \x00f\x00u\x00\
n\x00d\x00o\x08\x00\x00\x00\x00\x06\x00\x00\x00\x11R\
emove background\
\x07\x00\x00\x00\x11ImageEditor\
Dialog\x01\x03\x00\x00\x00 \x00R\x00o\
\x00d\x00a\x00r\x00 \x00\xe0\x00 \x00e\x00s\
\x00q\x00u\x00e\x00r\x00d\x00a\x08\x00\x00\x00\
\x00\x06\x00\x00\x00\x0eRotate to \
Left\x07\x00\x00\x00\x11ImageEd\
itorDialog\x01\x03\x00\x00\x00\x1e\
\x00R\x00o\x00d\x00a\x00r\x00 \x00\xe0\x00 \
\x00d\x00i\x00r\x00e\x00i\x00t\x00a\x08\x00\
\x00\x00\x00\x06\x00\x00\x00\x0fRotate t\
o Right\x07\x00\x00\x00\x11Imag\
eEditorDialog\x01\x03\x00\
\x00\x00\x10\x00R\x00o\x00d\x00a\x00r\x00.\x00\
.\x00.\x08\x00\x00\x00\x00\x06\x00\x00\x00\x09Rot\
ate...\x07\x00\x00\x00\x11Image\
EditorDialog\x01\x03\x00\x00\
\x00\x0c\x00G\x00r\x00a\x00v\x00a\x00r\x08\x00\
\x00\x00\x00\x06\x00\x00\x00\x04Save\x07\x00\x00\x00\
\x11ImageEditorDial\
og\x01\x03\x00\x00\x006\x00G\x00r\x00a\x00v\
\x00a\x00r\x00 \x00a\x00l\x00t\x00e\x00r\
\x00a\x00\xe7\x00\xf5\x00e\x00s\x00 \x00\xe0\x00 \
\x00i\x00m\x00a\x00g\x00e\x00m\x00?\x08\x00\
\x00\x00\x00\x06\x00\x00\x00\x1eSave cha\
nges to current \
image?\x07\x00\x00\x00\x11Image\
EditorDialog\x01\x03\x00\x00\
\x00\x1a\x00D\x00e\x00f\x00i\x00n\x00i\x00\xe7\
\x00\xf5\x00e\x00s\x00.\x00.\x00.\x08\x00\x00\x00\
\x00\x06\x00\x00\x00\x0bSettings..\
.\x07\x00\x00\x00\x11ImageEdito\
rDialog\x01\x03\x00\x00\x006\x00M\x00\
o\x00s\x00t\x00r\x00a\x00r\x00 \x00p\x00\
a\x00i\x00n\x00e\x00l\x00 \x00d\x00e\x00\
 \x00r\x00o\x00l\x00a\x00m\x00e\x00n\x00\
t\x00o\x08\x00\x00\x00\x00\x06\x00\x00\x00\x11Sho\
w Scroll Panel\x07\x00\
\x00\x00\x11ImageEditorDi\
alog\x01\x03\x00\x00\x00.\x00M\x00o\x00s\
\x00t\x00r\x00a\x00r\x00 \x00b\x00a\x00r\
\x00r\x00a\x00 \x00d\x00e\x00 \x00e\x00s\
\x00t\x00a\x00d\x00o\x08\x00\x00\x00\x00\x06\x00\x00\
\x00\x0fShow Status Ba\
r\x07\x00\x00\x00\x11ImageEdito\
rDialog\x01\x03\x00\x00\x008\x00M\x00\
o\x00s\x00t\x00r\x00a\x00r\x00 \x00b\x00\
a\x00r\x00r\x00a\x00 \x00d\x00e\x00 \x00\
f\x00e\x00r\x00r\x00a\x00m\x00e\x00n\x00\
t\x00a\x00s\x08\x00\x00\x00\x00\x06\x00\x00\x00\x0dS\
how Tool Bar\x07\x00\x00\x00\
\x11ImageEditorDial\
og\x01\x03\x00\x00\x00\x10\x00D\x00e\x00s\x00f\
\x00a\x00z\x00e\x00r\x08\x00\x00\x00\x00\x06\x00\x00\
\x00\x04Undo\x07\x00\x00\x00\x11Image\
EditorDialog\x01\x03\x00\x00\
\x00\x1c\x00A\x00m\x00p\x00l\x00&\x00i\x00a\
\x00r\x00 \x00(\x002\x005\x00%\x00)\x08\x00\
\x00\x00\x00\x06\x00\x00\x00\x0eZoom &In\
 (25%)\x07\x00\x00\x00\x11Image\
EditorDialog\x01\x03\x00\x00\
\x00\x1c\x00R\x00e\x00d\x00u\x00&\x00z\x00i\
\x00r\x00 \x00(\x002\x005\x00%\x00)\x08\x00\
\x00\x00\x00\x06\x00\x00\x00\x0fZoom &Ou\
t (25%)\x07\x00\x00\x00\x11Imag\
eEditorDialog\x01\x03\x00\
\x00\x00R\x00A\x00 \x00i\x00m\x00a\x00g\x00\
e\x00m\x00 \x00f\x00o\x00i\x00 \x00a\x00\
l\x00t\x00e\x00r\x00a\x00d\x00a\x00.\x00\
 \x00G\x00r\x00a\x00v\x00a\x00r\x00 \x00\
a\x00l\x00t\x00e\x00r\x00a\x00\xe7\x00\xf5\x00\
e\x00s\x00?\x08\x00\x00\x00\x00\x06\x00\x00\x00 I\
mage was changed\
. Save changes?\x07\
\x00\x00\x00\x11ImageEditorW\
indow\x01\x03\x00\x00\x00\x1c\x00A\x00b\x00\
r\x00i\x00r\x00 \x00p\x00a\x00s\x00t\x00\
a\x00.\x00.\x00.\x08\x00\x00\x00\x00\x06\x00\x00\x00\
\x0eOpen folder...\x07\
\x00\x00\x00\x11ImageEditorW\
indow\x01\x03\x00\x00\x00*\x00A\x00b\x00\
r\x00i\x00r\x00 \x00p\x00a\x00s\x00t\x00\
a\x00 \x00d\x00a\x00 \x00i\x00m\x00a\x00\
g\x00e\x00m\x08\x00\x00\x00\x00\x06\x00\x00\x00\x11O\
pen image folder\
\x07\x00\x00\x00\x11ImageEditor\
Window\x01\x03\x00\x00\x00\x0c\x00G\x00r\
\x00a\x00v\x00a\x00r\x08\x00\x00\x00\x00\x06\x00\x00\
\x00\x04Save\x07\x00\x00\x00\x11Image\
EditorWindow\x01\x03\x00\x00\
\x00\x0c\x00\xc2\x00n\x00g\x00u\x00l\x00o\x08\x00\
\x00\x00\x00\x06\x00\x00\x00\x05Angle\x07\x00\x00\
\x00\x0cRotateDialog\x01\x03\
\x00\x00\x00$\x00R\x00e\x00c\x00o\x00r\x00t\
\x00e\x00 \x00a\x00u\x00t\x00o\x00m\x00\xe1\
\x00t\x00i\x00c\x00o\x08\x00\x00\x00\x00\x06\x00\x00\
\x00\x09Auto crop\x07\x00\x00\x00\x0c\
RotateDialog\x01\x03\x00\x00\
\x00\x0a\x00R\x00o\x00d\x00a\x00r\x08\x00\x00\x00\
\x00\x06\x00\x00\x00\x06Rotate\x07\x00\x00\x00\
\x0cRotateDialog\x01\x03\x00\
\x00\x00\x1c\x00M\x00o\x00s\x00t\x00r\x00a\x00\
r\x00 \x00g\x00r\x00e\x00l\x00h\x00a\x08\
\x00\x00\x00\x00\x06\x00\x00\x00\x09Show gr\
id\x07\x00\x00\x00\x0cRotateDia\
log\x01\x03\x00\x00\x00<\x00M\x00o\x00d\x00\
e\x00l\x00o\x00 \x00I\x00A\x00 \x00d\x00\
e\x00 \x00r\x00e\x00m\x00o\x00\xe7\x00\xe3\x00\
o\x00 \x00d\x00e\x00 \x00f\x00u\x00n\x00\
d\x00o\x00s\x08\x00\x00\x00\x00\x06\x00\x00\x00\x1bB\
ackground remove\
r AI model\x07\x00\x00\x00\x0eS\
ettingsDialog\x01\x03\x00\
\x00\x008\x00C\x00o\x00r\x00t\x00a\x00r\x00\
 \x00a\x00p\x00\xf3\x00s\x00 \x00r\x00e\x00\
m\x00o\x00\xe7\x00\xe3\x00o\x00 \x00d\x00o\x00\
 \x00f\x00u\x00n\x00d\x00o\x08\x00\x00\x00\x00\
\x06\x00\x00\x00\x1dCrop after \
background remov\
er\x07\x00\x00\x00\x0eSettingsD\
ialog\x01\x03\x00\x00\x00\x14\x00D\x00e\x00\
f\x00i\x00n\x00i\x00\xe7\x00\xf5\x00e\x00s\x08\
\x00\x00\x00\x00\x06\x00\x00\x00\x08Setting\
s\x07\x00\x00\x00\x0eSettingsDi\
alog\x01\x03\x00\x00\x00,\x00C\x00o\x00r\
\x00 \x00d\x00e\x00 \x00f\x00u\x00n\x00d\
\x00o\x00 \x00d\x00a\x00 \x00j\x00a\x00n\
\x00e\x00l\x00a\x08\x00\x00\x00\x00\x06\x00\x00\x00\x17\
Window backgroun\
d color\x07\x00\x00\x00\x0eSett\
ingsDialog\x01\x03\x00\x00\x00\x06\
\x00C\x00o\x00r\x08\x00\x00\x00\x00\x06\x00\x00\x00\x05\
Color\x07\x00\x00\x00\x14Window\
SettingsDialog\x01\x03\
\x00\x00\x00,\x00C\x00o\x00r\x00 \x00d\x00e\
\x00 \x00f\x00u\x00n\x00d\x00o\x00 \x00d\
\x00a\x00 \x00i\x00m\x00a\x00g\x00e\x00m\
\x08\x00\x00\x00\x00\x06\x00\x00\x00\x16Image \
background color\
\x07\x00\x00\x00\x14WindowSetti\
ngsDialog\x01\x03\x00\x00\x00\x18\x00\
T\x00r\x00a\x00n\x00s\x00p\x00a\x00r\x00\
e\x00n\x00t\x00e\x08\x00\x00\x00\x00\x06\x00\x00\x00\
\x0bTransparent\x07\x00\x00\x00\
\x14WindowSettingsD\
ialog\x01\x03\x00\x00\x000\x00T\x00o\x00\
d\x00o\x00s\x00 \x00o\x00s\x00 \x00f\x00\
i\x00c\x00h\x00e\x00i\x00r\x00o\x00s\x00\
 \x00(\x00*\x00.\x00*\x00)\x08\x00\x00\x00\x00\
\x06\x00\x00\x00\x0fAll files (\
*.*)\x07\x00\x00\x00\x10readIma\
geFilters\x01\x03\x00\x00\x00\x18\x00\
I\x00m\x00a\x00g\x00e\x00n\x00s\x00 \x00\
(\x00%\x00s\x00)\x08\x00\x00\x00\x00\x06\x00\x00\x00\
\x0bImages (%s)\x07\x00\x00\x00\
\x10readImageFilter\
s\x01\x03\x00\x00\x000\x00T\x00o\x00d\x00o\x00\
s\x00 \x00o\x00s\x00 \x00f\x00i\x00c\x00\
h\x00e\x00i\x00r\x00o\x00s\x00 \x00(\x00\
*\x00.\x00*\x00)\x08\x00\x00\x00\x00\x06\x00\x00\x00\
\x0fAll files (*.*)\
\x07\x00\x00\x00\x10saveImageFi\
lters\x01\x88\x00\x00\x00\x02\x03\x01\
\x00\x00)6\
<\
\xb8d\x18\xca\xef\x9c\x95\xcd!\x1c\xbf`\xa1\xbd\xdd\xa7\
\x00\x00\x00\x02esB\x00\x00\x03P\x00\x00\x00X\x00\
\x00\x0e6\x00\x00\x00Y\x00\x00\x0e\xec\x00\x00\x05\xb1\x00\
\x00\x0eX\x00\x00\x05\xb2\x00\x00\x0e}\x00\x00\x05\xb3\x00\
\x00\x0e\xa2\x00\x00\x05\xb4\x00\x00\x0e\xc7\x00\x00\x05\xc1\x00\
\x00\x0f\x0e\x00\x00\x05\xc2\x00\x00\x0f3\x00\x00\x05\xc3\x00\
\x00\x0fX\x00\x00\x05\xc4\x00\x00\x0f}\x00\x04\x8c\xaf\x00\
\x00\x0c\xee\x00\x04\xa6y\x00\x00\x14T\x00\x04\xa9`\x00\
\x00\x0dL\x00\x05\x8bt\x00\x00\x0d\xae\x00\x05\x8b\xa4\x00\
\x00\x0d\xd9\x00\x05\x8b\xaf\x00\x00\x1a\xe4\x00\x05\x98\xc5\x00\
\x00\x1cW\x00\x05\x98\xc5\x00\x00 \xd3\x00\x05\xc4\xaf\x00\
\x00\x1e\xa9\x00\x105\xbe\x00\x00\x05\x14\x00\x17\xac\xbe\x00\
\x00\x1d\x13\x00*\xbb\x04\x00\x00\x0f\xe5\x00*\xd0%\x00\
\x00\x10\x1e\x00+\xcf\xc7\x00\x00\x11\x90\x00G\xdf\x04\x00\
\x00\x16:\x00HN%\x00\x00!\x0b\x00Jcb\x00\
\x00#\xb9\x00V\x8a\xa5\x00\x00\x1a\x06\x00Y\xf6d\x00\
\x00\x01V\x00Y\xf6d\x00\x00\x09\xfa\x00]\xfb\xa8\x00\
\x00\x0e\x04\x00\x81;\xb2\x00\x00 n\x01I\xcc\x12\x00\
\x00#G\x01\x80\x912\x00\x00\x22x\x01\xcdQN\x00\
\x00\x03a\x02X\xa3\xd3\x00\x00\x07\xba\x02\xda\xb7>\x00\
\x00\x08\xa3\x02\xe1x\xce\x00\x00\x02=\x03\x01mV\x00\
\x00\x15,\x03\x16Jn\x00\x00\x15\x88\x03\x1c\xc2\x17\x00\
\x00\x15\xf3\x03VG>\x00\x00\x07M\x03\xa0D\xef\x00\
\x00\x1c\x8f\x03\xbax\x12\x00\x00\x16\xc4\x03\xd9\x80\xd9\x00\
\x00\x1f5\x03\xe7H\x1c\x00\x00!\xf2\x04l;N\x00\
\x00 \x1a\x04\x98<\x81\x00\x00\x12U\x04\x98I\xbc\x00\
\x00\x12\xdd\x04\xa0\x8a%\x00\x00\x0d\x19\x04\xeb\xfd\xf4\x00\
\x00\x0d}\x04\xfeM\x9e\x00\x00\x13\x19\x05Q\x0a5\x00\
\x00\x10\xb1\x05\x96\xa8\xa5\x00\x00!\x7f\x05\xd7I^\x00\
\x00\x16q\x06k{%\x00\x00\x17\xee\x06l\x13\xbe\x00\
\x00\x10\xff\x06t{\x89\x00\x00\x1e\xe3\x06\x96\xb1\x04\x00\
\x00!\xb0\x06\xf0\xf7N\x00\x00\x0c@\x07! \xe5\x00\
\x00\x045\x07c\xd9\xce\x00\x00\x11?\x07\xa0\x96\xd6\x00\
\x00\x14\xcd\x07\xd4\xa5\xe2\x00\x00\x00\x00\x07\xd4\xa5\xe2\x00\
\x00\x01\xec\x07\xd4\xa5\xe2\x00\x00\x12\x8d\x07\xdfi\xe4\x00\
\x00\x18>\x08\x186\x1f\x00\x00\x17\x16\x08\x186\x1f\x00\
\x00\x1f\x86\x08\xda4\xd7\x00\x00\x10Y\x09K\xbbT\x00\
\x00\x09*\x09\x5c:\xa2\x00\x00\x12\x07\x09\x8cv\xd3\x00\
\x00\x0f\xa2\x09\xa1\xb6\xd5\x00\x00\x0bc\x0a3\x04\x04\x00\
\x00$`\x0az\x9d\x1e\x00\x00\x06\x0e\x0a\x8a:n\x00\
\x00\x1c\x18\x0a\x961N\x00\x00\x14\x8a\x0a\xb8\x99\xe5\x00\
\x00\x00K\x0a\xf6\xb3\xd2\x00\x00#\xf1\x0b\x16\xe1\xa0\x00\
\x00!=\x0bF\x1a)\x00\x00$\xac\x0bF\x1a)\x00\
\x00%Z\x0b[\xbdT\x00\x00\x1a\x8d\x0b\x96\x00\x0c\x00\
\x00\x1dd\x0b\xad\x83~\x00\x00\x08&\x0b\xb0\xd3^\x00\
\x00\x05\x83\x0b\xc4\xe5\x8e\x00\x00\x03\xdb\x0b\xd2\xd3$\x00\
\x00\x1b\xc5\x0c\x02\x9b\x89\x00\x00%\x10\x0c\x02\xb3#\x00\
\x00\x00\xa8\x0c\x04\x9aE\x00\x00\x19\xbd\x0cW\x8b\xee\x00\
\x00\x0a6\x0cW\x8e\xee\x00\x00\x18\x93\x0c\xb5\xad\xe0\x00\
\x00\x11\xc3\x0c\xbb\x01s\x00\x00#\x02\x0dP\xbb\xf2\x00\
\x00\x1d\xd9\x0d\xa34e\x00\x00\x1a;\x0d\xa7\xa2\xd9\x00\
\x00\x01\x8c\x0d\xa8\xde\x82\x00\x00\x1e<\x0d\xbd\x894\x00\
\x00\x1bo\x0d\xc70D\x00\x00\x1b\x1c\x0f\x01\xaeN\x00\
\x00\x04\xb3\x0f\x01\xaeN\x00\x00\x13\xf4\x0fA\xfd.\x00\
\x00\x06\xad\x0f\xdd\xe8\x9e\x00\x00\x17\xaai\x00\x00%\xbe\
\x03\x00\x00\x00\x1e\x00E\x00r\x00r\x00o\x00r\x00\
 \x00d\x00e\x00 \x00c\x00\xe1\x00m\x00a\x00\
r\x00a\x08\x00\x00\x00\x00\x06\x00\x00\x00\x0cCam\
era Error\x07\x00\x00\x00\x0cCa\
meraDialog\x01\x03\x00\x00\x00(\
\x00C\x00\xe1\x00m\x00a\x00r\x00a\x00 \x00n\
\x00o\x00 \x00d\x00i\x00s\x00p\x00o\x00n\
\x00i\x00b\x00l\x00e\x08\x00\x00\x00\x00\x06\x00\x00\
\x00\x14Camera not ava\
ilable\x07\x00\x00\x00\x0cCamer\
aDialog\x01\x03\x00\x00\x00`\x00C\x00\
\xe1\x00m\x00a\x00r\x00a\x00 \x00n\x00o\x00\
 \x00d\x00i\x00s\x00p\x00o\x00n\x00i\x00\
b\x00l\x00e\x00 \x00o\x00 \x00d\x00e\x00\
s\x00a\x00c\x00t\x00i\x00v\x00a\x00d\x00\
a\x00 \x00p\x00o\x00r\x00 \x00a\x00n\x00\
t\x00i\x00v\x00i\x00r\x00u\x00s\x08\x00\x00\
\x00\x00\x06\x00\x00\x00-Camera no\
t available or d\
isabled by antiv\
irus\x07\x00\x00\x00\x0cCameraD\
ialog\x01\x03\x00\x00\x00\x10\x00D\x00i\x00\
s\x00p\x00a\x00r\x00a\x00r\x08\x00\x00\x00\x00\
\x06\x00\x00\x00\x05Shoot\x07\x00\x00\x00\x0cC\
ameraDialog\x01\x03\x00\x00\x00\
&\x00C\x00\xe1\x00m\x00a\x00r\x00a\x00 \x00\
(\x00l\x00i\x00b\x00g\x00p\x00h\x00o\x00\
t\x00o\x002\x00)\x08\x00\x00\x00\x00\x06\x00\x00\x00\
\x13Camera (libgpho\
to2)\x07\x00\x00\x00\x12CameraG\
PhotoDialog\x01\x03\x00\x00\x00\
\x1e\x00E\x00r\x00r\x00o\x00r\x00 \x00d\x00\
e\x00 \x00c\x00\xe1\x00m\x00a\x00r\x00a\x08\
\x00\x00\x00\x00\x06\x00\x00\x00\x0cCamera \
Error\x07\x00\x00\x00\x12Camera\
GPhotoDialog\x01\x03\x00\x00\
\x00\xba\x00L\x00a\x00 \x00c\x00\xe1\x00m\x00a\
\x00r\x00a\x00 \x00n\x00o\x00 \x00e\x00s\
\x00t\x00\xe1\x00 \x00d\x00i\x00s\x00p\x00o\
\x00n\x00i\x00b\x00l\x00e\x00;\x00 \x00s\
\x00e\x00 \x00m\x00u\x00e\x00s\x00t\x00r\
\x00a\x00n\x00 \x00l\x00o\x00s\x00 \x00a\
\x00j\x00u\x00s\x00t\x00e\x00s\x00 \x00g\
\x00u\x00a\x00r\x00d\x00a\x00d\x00o\x00s\
\x00.\x00 \x00L\x00a\x00 \x00c\x00a\x00p\
\x00t\x00u\x00r\x00a\x00 \x00e\x00s\x00t\
\x00\xe1\x00 \x00d\x00e\x00s\x00a\x00c\x00t\
\x00i\x00v\x00a\x00d\x00a\x00.\x08\x00\x00\x00\
\x00\x06\x00\x00\x00CCamera is \
unavailable; sho\
wing saved setti\
ngs. Capture is \
disabled.\x07\x00\x00\x00\x12Ca\
meraGPhotoDialog\
\x01\x03\x00\x00\x00<\x00A\x00j\x00u\x00s\x00t\
\x00e\x00s\x00 \x00d\x00e\x00 \x00l\x00a\
\x00 \x00c\x00\xe1\x00m\x00a\x00r\x00a\x00 \
\x00c\x00a\x00r\x00g\x00a\x00d\x00o\x00s\
\x00.\x08\x00\x00\x00\x00\x06\x00\x00\x00\x17Came\
ra settings load\
ed.\x07\x00\x00\x00\x12CameraGP\
hotoDialog\x01\x03\x00\x00\x00$\
\x00E\x00r\x00r\x00o\x00r\x00 \x00a\x00l\
\x00 \x00c\x00a\x00p\x00t\x00u\x00r\x00a\
\x00r\x00.\x08\x00\x00\x00\x00\x06\x00\x00\x00\x0fCa\
pture failed.\x07\x00\x00\
\x00\x12CameraGPhotoDi\
alog\x01\x03\x00\x00\x00@\x00C\x00a\x00p\
\x00t\x00u\x00r\x00a\x00r\x00 \x00e\x00n\
\x00 \x00m\x00o\x00d\x00o\x00 \x00d\x00e\
\x00 \x00v\x00i\x00s\x00t\x00a\x00 \x00p\
\x00r\x00e\x00v\x00i\x00a\x08\x00\x00\x00\x00\x06\
\x00\x00\x00\x17Capture in p\
review mode\x07\x00\x00\x00\x12\
CameraGPhotoDial\
og\x01\x03\x00\x00\x00(\x00C\x00a\x00p\x00t\
\x00u\x00r\x00a\x00n\x00d\x00o\x00 \x00i\
\x00m\x00a\x00g\x00e\x00n\x00.\x00.\x00.\
\x08\x00\x00\x00\x00\x06\x00\x00\x00\x12Captur\
ing image...\x07\x00\x00\x00\
\x12CameraGPhotoDia\
log\x01\x03\x00\x00\x004\x00C\x00a\x00p\x00\
t\x00u\x00r\x00a\x00n\x00d\x00o\x00 \x00\
v\x00i\x00s\x00t\x00a\x00 \x00p\x00r\x00\
e\x00v\x00i\x00a\x00.\x00.\x00.\x08\x00\x00\
\x00\x00\x06\x00\x00\x00\x14Capturing\
 preview...\x07\x00\x00\x00\x12\
CameraGPhotoDial\
og\x01\x03\x00\x00\x00D\x00N\x00o\x00 \x00s\
\x00e\x00 \x00p\x00u\x00d\x00o\x00 \x00i\
\x00n\x00i\x00c\x00i\x00a\x00l\x00i\x00z\
\x00a\x00r\x00 \x00l\x00i\x00b\x00g\x00p\
\x00h\x00o\x00t\x00o\x002\x00.\x08\x00\x00\x00\
\x00\x06\x00\x00\x00 Could not \
initialize libgp\
hoto2.\x07\x00\x00\x00\x12Camer\
aGPhotoDialog\x01\x03\x00\
\x00\x00Z\x00N\x00o\x00 \x00s\x00e\x00 \x00\
p\x00u\x00d\x00i\x00e\x00r\x00o\x00n\x00\
 \x00v\x00o\x00l\x00v\x00e\x00r\x00 \x00\
a\x00 \x00d\x00e\x00t\x00e\x00c\x00t\x00\
a\x00r\x00 \x00l\x00a\x00s\x00 \x00c\x00\
\xe1\x00m\x00a\x00r\x00a\x00s\x00.\x08\x00\x00\
\x00\x00\x06\x00\x00\x00\x1eCould not\
 re-evaluate cam\
eras.\x07\x00\x00\x00\x12Camera\
GPhotoDialog\x01\x03\x00\x00\
\x00Z\x00N\x00o\x00 \x00s\x00e\x00 \x00p\
\x00u\x00d\x00i\x00e\x00r\x00o\x00n\x00 \
\x00l\x00e\x00e\x00r\x00 \x00l\x00o\x00s\
\x00 \x00a\x00j\x00u\x00s\x00t\x00e\x00s\
\x00 \x00d\x00e\x00 \x00l\x00a\x00 \x00c\
\x00\xe1\x00m\x00a\x00r\x00a\x00.\x08\x00\x00\x00\
\x00\x06\x00\x00\x00\x1fCould not \
read camera sett\
ings.\x07\x00\x00\x00\x12Camera\
GPhotoDialog\x01\x03\x00\x00\
\x002\x00N\x00o\x00 \x00s\x00e\x00 \x00d\
\x00e\x00t\x00e\x00c\x00t\x00a\x00r\x00o\
\x00n\x00 \x00c\x00\xe1\x00m\x00a\x00r\x00a\
\x00s\x00.\x08\x00\x00\x00\x00\x06\x00\x00\x00\x14No\
 cameras detecte\
d.\x07\x00\x00\x00\x12CameraGPh\
otoDialog\x01\x03\x00\x00\x002\x00\
V\x00o\x00l\x00v\x00e\x00r\x00 \x00a\x00\
 \x00d\x00e\x00t\x00e\x00c\x00t\x00a\x00\
r\x00 \x00c\x00\xe1\x00m\x00a\x00r\x00a\x00\
s\x08\x00\x00\x00\x00\x06\x00\x00\x00\x13Re-ev\
aluate cameras\x07\x00\
\x00\x00\x12CameraGPhotoD\
ialog\x01\x03\x00\x00\x00>\x00V\x00o\x00\
l\x00v\x00i\x00e\x00n\x00d\x00o\x00 \x00\
a\x00 \x00d\x00e\x00t\x00e\x00c\x00t\x00\
a\x00r\x00 \x00c\x00\xe1\x00m\x00a\x00r\x00\
a\x00s\x00.\x00.\x00.\x08\x00\x00\x00\x00\x06\x00\
\x00\x00\x18Re-evaluating\
 cameras...\x07\x00\x00\x00\x12\
CameraGPhotoDial\
og\x01\x03\x00\x00\x00F\x00L\x00e\x00y\x00e\
\x00n\x00d\x00o\x00 \x00l\x00o\x00s\x00 \
\x00a\x00j\x00u\x00s\x00t\x00e\x00s\x00 \
\x00d\x00e\x00 \x00l\x00a\x00 \x00c\x00\xe1\
\x00m\x00a\x00r\x00a\x00.\x00.\x00.\x08\x00\
\x00\x00\x00\x06\x00\x00\x00\x1aReading \
camera settings.\
..\x07\x00\x00\x00\x12CameraGPh\
otoDialog\x01\x03\x00\x00\x00z\x00\
R\x00e\x00s\x00t\x00a\x00u\x00r\x00a\x00\
r\x00 \x00e\x00l\x00 \x00d\x00e\x00s\x00\
t\x00i\x00n\x00o\x00 \x00d\x00e\x00 \x00\
c\x00a\x00p\x00t\x00u\x00r\x00a\x00 \x00\
o\x00r\x00i\x00g\x00i\x00n\x00a\x00l\x00\
 \x00d\x00e\x00s\x00p\x00u\x00\xe9\x00s\x00\
 \x00d\x00e\x00 \x00c\x00a\x00d\x00a\x00\
 \x00t\x00o\x00m\x00a\x08\x00\x00\x00\x00\x06\x00\
\x00\x00/Restore origi\
nal capture targ\
et after each sh\
ot\x07\x00\x00\x00\x12CameraGPh\
otoDialog\x01\x03\x00\x00\x00\x10\x00\
D\x00i\x00s\x00p\x00a\x00r\x00a\x00r\x08\
\x00\x00\x00\x00\x06\x00\x00\x00\x05Shoot\x07\x00\
\x00\x00\x12CameraGPhotoD\
ialog\x01\x03\x00\x00\x00\xbc\x00L\x00a\x00\
 \x00c\x00a\x00p\x00t\x00u\x00r\x00a\x00\
 \x00e\x00s\x00t\x00\xe1\x00n\x00d\x00a\x00\
r\x00 \x00s\x00o\x00l\x00o\x00 \x00e\x00\
s\x00t\x00\xe1\x00 \x00d\x00i\x00s\x00p\x00\
o\x00n\x00i\x00b\x00l\x00e\x00 \x00s\x00\
i\x00 \x00s\x00e\x00 \x00s\x00e\x00l\x00\
e\x00c\x00c\x00i\x00o\x00n\x00a\x00 \x00\
l\x00a\x00 \x00m\x00e\x00m\x00o\x00r\x00\
i\x00a\x00 \x00R\x00A\x00M\x00 \x00i\x00\
n\x00t\x00e\x00r\x00n\x00a\x00 \x00c\x00\
o\x00m\x00o\x00 \x00d\x00e\x00s\x00t\x00\
i\x00n\x00o\x00.\x08\x00\x00\x00\x00\x06\x00\x00\x00\
JStandard captur\
e is unavailable\
 unless an inter\
nal-RAM target i\
s selected.\x07\x00\x00\x00\x12\
CameraGPhotoDial\
og\x01\x03\x00\x00\x00\x8c\x00L\x00o\x00s\x00 \
\x00d\x00a\x00t\x00o\x00s\x00 \x00c\x00a\
\x00p\x00t\x00u\x00r\x00a\x00d\x00o\x00s\
\x00 \x00n\x00o\x00 \x00c\x00o\x00r\x00r\
\x00e\x00s\x00p\x00o\x00n\x00d\x00e\x00n\
\x00 \x00a\x00 \x00u\x00n\x00 \x00f\x00o\
\x00r\x00m\x00a\x00t\x00o\x00 \x00d\x00e\
\x00 \x00i\x00m\x00a\x00g\x00e\x00n\x00 \
\x00c\x00o\x00m\x00p\x00a\x00t\x00i\x00b\
\x00l\x00e\x08\x00\x00\x00\x00\x06\x00\x00\x00*Th\
e captured data \
is not a support\
ed image\x07\x00\x00\x00\x12Cam\
eraGPhotoDialog\x01\
\x03\x00\x00\x00Z\x00E\x00s\x00t\x00a\x00 \x00\
c\x00\xe1\x00m\x00a\x00r\x00a\x00 \x00n\x00\
o\x00 \x00a\x00d\x00m\x00i\x00t\x00e\x00\
 \x00l\x00a\x00 \x00c\x00a\x00p\x00t\x00\
u\x00r\x00a\x00 \x00d\x00e\x00 \x00i\x00\
m\x00\xe1\x00g\x00e\x00n\x00e\x00s\x00.\x08\
\x00\x00\x00\x00\x06\x00\x00\x00-This ca\
mera does not ad\
vertise image ca\
pture.\x07\x00\x00\x00\x12Camer\
aGPhotoDialog\x01\x03\x00\
\x00\x00\x08\x00A\x00u\x00t\x00o\x08\x00\x00\x00\x00\
\x06\x00\x00\x00\x04Auto\x07\x00\x00\x00\x0aCr\
opDialog\x01\x03\x00\x00\x00\x0e\x00C\
\x00\xed\x00r\x00c\x00u\x00l\x00o\x08\x00\x00\x00\
\x00\x06\x00\x00\x00\x06Circle\x07\x00\x00\x00\
\x0aCropDialog\x01\x03\x00\x00\x00\
\x0e\x00R\x00e\x00c\x00o\x00r\x00t\x00e\x08\
\x00\x00\x00\x00\x06\x00\x00\x00\x04Crop\x07\x00\x00\
\x00\x0aCropDialog\x01\x03\x00\x00\
\x00\x0c\x00A\x00l\x00t\x00u\x00r\x00a\x08\x00\
\x00\x00\x00\x06\x00\x00\x00\x06Height\x07\x00\
\x00\x00\x0aCropDialog\x01\x03\x00\
\x00\x00\x08\x00C\x00u\x00a\x00d\x08\x00\x00\x00\x00\
\x06\x00\x00\x00\x04Quad\x07\x00\x00\x00\x0aCr\
opDialog\x01\x03\x00\x00\x00\x08\x00R\
\x00e\x00c\x00t\x08\x00\x00\x00\x00\x06\x00\x00\x00\x04\
Rect\x07\x00\x00\x00\x0aCropDia\
log\x01\x03\x00\x00\x00\x0e\x00A\x00n\x00c\x00\
h\x00u\x00r\x00a\x08\x00\x00\x00\x00\x06\x00\x00\x00\
\x05Width\x07\x00\x00\x00\x0aCropD\
ialog\x01\x03\x00\x00\x00\x02\x00X\x08\x00\x00\
\x00\x00\x06\x00\x00\x00\x01X\x07\x00\x00\x00\x0aCro\
pDialog\x01\x03\x00\x00\x00\x04\x00X\x00\
1\x08\x00\x00\x00\x00\x06\x00\x00\x00\x02X1\x07\x00\x00\
\x00\x0aCropDialog\x01\x03\x00\x00\
\x00\x04\x00X\x002\x08\x00\x00\x00\x00\x06\x00\x00\x00\x02\
X2\x07\x00\x00\x00\x0aCropDialo\
g\x01\x03\x00\x00\x00\x04\x00X\x003\x08\x00\x00\x00\x00\
\x06\x00\x00\x00\x02X3\x07\x00\x00\x00\x0aCrop\
Dialog\x01\x03\x00\x00\x00\x04\x00X\x004\
\x08\x00\x00\x00\x00\x06\x00\x00\x00\x02X4\x07\x00\x00\x00\
\x0aCropDialog\x01\x03\x00\x00\x00\
\x02\x00Y\x08\x00\x00\x00\x00\x06\x00\x00\x00\x01Y\x07\x00\
\x00\x00\x0aCropDialog\x01\x03\x00\
\x00\x00\x04\x00Y\x001\x08\x00\x00\x00\x00\x06\x00\x00\x00\
\x02Y1\x07\x00\x00\x00\x0aCropDial\
og\x01\x03\x00\x00\x00\x04\x00Y\x002\x08\x00\x00\x00\
\x00\x06\x00\x00\x00\x02Y2\x07\x00\x00\x00\x0aCro\
pDialog\x01\x03\x00\x00\x00\x04\x00Y\x00\
3\x08\x00\x00\x00\x00\x06\x00\x00\x00\x02Y3\x07\x00\x00\
\x00\x0aCropDialog\x01\x03\x00\x00\
\x00\x04\x00Y\x004\x08\x00\x00\x00\x00\x06\x00\x00\x00\x02\
Y4\x07\x00\x00\x00\x0aCropDialo\
g\x01\x03\x00\x00\x00\x18\x00G\x00u\x00a\x00r\x00\
d\x00a\x00r\x00 \x00c\x00o\x00m\x00o\x08\
\x00\x00\x00\x00\x06\x00\x00\x00\x07Save as\
\x07\x00\x00\x00\x0fGetSaveFile\
Name\x01\x03\x00\x00\x00\x0e\x00&\x00E\x00d\
\x00i\x00t\x00a\x00r\x08\x00\x00\x00\x00\x06\x00\x00\
\x00\x05&Edit\x07\x00\x00\x00\x11Imag\
eEditorDialog\x01\x03\x00\
\x00\x00\x10\x00&\x00A\x00r\x00c\x00h\x00i\x00\
v\x00o\x08\x00\x00\x00\x00\x06\x00\x00\x00\x05&Fi\
le\x07\x00\x00\x00\x11ImageEdit\
orDialog\x01\x03\x00\x00\x00$\x00&\
\x00A\x00j\x00u\x00s\x00t\x00a\x00r\x00 \
\x00a\x00 \x00v\x00e\x00n\x00t\x00a\x00n\
\x00a\x08\x00\x00\x00\x00\x06\x00\x00\x00\x0e&Fit\
 to Window\x07\x00\x00\x00\x11I\
mageEditorDialog\
\x01\x03\x00\x00\x00\x1c\x00T\x00a\x00m\x00a\x00\xf1\
\x00o\x00 \x00&\x00n\x00o\x00r\x00m\x00a\
\x00l\x08\x00\x00\x00\x00\x06\x00\x00\x00\x0c&Nor\
mal Size\x07\x00\x00\x00\x11Ima\
geEditorDialog\x01\x03\
\x00\x00\x00\x12\x00&\x00A\x00b\x00r\x00i\x00r\
\x00.\x00.\x00.\x08\x00\x00\x00\x00\x06\x00\x00\x00\x08\
&Open...\x07\x00\x00\x00\x11Ima\
geEditorDialog\x01\x03\
\x00\x00\x00 \x00&\x00G\x00u\x00a\x00r\x00d\
\x00a\x00r\x00 \x00c\x00o\x00m\x00o\x00.\
\x00.\x00.\x08\x00\x00\x00\x00\x06\x00\x00\x00\x0b&S\
ave As...\x07\x00\x00\x00\x11Im\
ageEditorDialog\x01\
\x03\x00\x00\x00\x08\x00&\x00V\x00e\x00r\x08\x00\x00\
\x00\x00\x06\x00\x00\x00\x05&View\x07\x00\x00\x00\
\x11ImageEditorDial\
og\x01\x03\x00\x00\x00\x16\x00A\x00u\x00t\x00o\
\x00r\x00e\x00c\x00o\x00r\x00t\x00e\x08\x00\
\x00\x00\x00\x06\x00\x00\x00\x08Autocrop\
\x07\x00\x00\x00\x11ImageEditor\
Dialog\x01\x03\x00\x00\x00\x18\x00V\x00e\
\x00r\x00 \x00e\x00n\x00 \x00v\x00i\x00s\
\x00o\x00r\x08\x00\x00\x00\x00\x06\x00\x00\x00\x10Br\
owse in viewer\x07\x00\
\x00\x00\x11ImageEditorDi\
alog\x01\x03\x00\x00\x00\x0c\x00C\x00\xe1\x00m\
\x00a\x00r\x00a\x08\x00\x00\x00\x00\x06\x00\x00\x00\x06\
Camera\x07\x00\x00\x00\x11Image\
EditorDialog\x01\x03\x00\x00\
\x00\x1e\x00E\x00r\x00r\x00o\x00r\x00 \x00d\
\x00e\x00 \x00c\x00\xe1\x00m\x00a\x00r\x00a\
\x08\x00\x00\x00\x00\x06\x00\x00\x00\x0cCamera\
 Error\x07\x00\x00\x00\x11Image\
EditorDialog\x01\x03\x00\x00\
\x00\x10\x00C\x00a\x00n\x00c\x00e\x00l\x00a\
\x00r\x08\x00\x00\x00\x00\x06\x00\x00\x00\x06Canc\
el\x07\x00\x00\x00\x11ImageEdit\
orDialog\x01\x03\x00\x00\x00\x8e\x00L\
\x00o\x00s\x00 \x00d\x00a\x00t\x00o\x00s\
\x00 \x00c\x00a\x00p\x00t\x00u\x00r\x00a\
\x00d\x00o\x00s\x00 \x00n\x00o\x00 \x00c\
\x00o\x00r\x00r\x00e\x00s\x00p\x00o\x00n\
\x00d\x00e\x00n\x00 \x00a\x00 \x00u\x00n\
\x00 \x00f\x00o\x00r\x00m\x00a\x00t\x00o\
\x00 \x00d\x00e\x00 \x00i\x00m\x00a\x00g\
\x00e\x00n\x00 \x00c\x00o\x00m\x00p\x00a\
\x00t\x00i\x00b\x00l\x00e\x00.\x08\x00\x00\x00\
\x00\x06\x00\x00\x00'Captured d\
ata is not a sup\
ported image.\x07\x00\x00\
\x00\x11ImageEditorDia\
log\x01\x03\x00\x00\x00(\x00C\x00a\x00p\x00\
t\x00u\x00r\x00a\x00n\x00d\x00o\x00 \x00\
i\x00m\x00a\x00g\x00e\x00n\x00.\x00.\x00\
.\x08\x00\x00\x00\x00\x06\x00\x00\x00\x12Captu\
ring image...\x07\x00\x00\
\x00\x11ImageEditorDia\
log\x01\x03\x00\x00\x00\x0c\x00C\x00o\x00p\x00\
i\x00a\x00r\x08\x00\x00\x00\x00\x06\x00\x00\x00\x04C\
opy\x07\x00\x00\x00\x11ImageEdi\
torDialog\x01\x03\x00\x00\x00\x16\x00\
R\x00e\x00c\x00o\x00r\x00t\x00a\x00r\x00\
.\x00.\x00.\x08\x00\x00\x00\x00\x06\x00\x00\x00\x07C\
rop...\x07\x00\x00\x00\x11Image\
EditorDialog\x01\x03\x00\x00\
\x00,\x00C\x00o\x00r\x00t\x00a\x00r\x00 \
\x00m\x00i\x00t\x00a\x00d\x00 \x00i\x00z\
\x00q\x00u\x00i\x00e\x00r\x00d\x00a\x08\x00\
\x00\x00\x00\x06\x00\x00\x00\x0dCut left\
 half\x07\x00\x00\x00\x11ImageE\
ditorDialog\x01\x03\x00\x00\x00\
(\x00C\x00o\x00r\x00t\x00a\x00r\x00 \x00\
m\x00i\x00t\x00a\x00d\x00 \x00d\x00e\x00\
r\x00e\x00c\x00h\x00a\x08\x00\x00\x00\x00\x06\x00\
\x00\x00\x0eCut right hal\
f\x07\x00\x00\x00\x11ImageEdito\
rDialog\x01\x03\x00\x00\x000\x00N\x00\
o\x00 \x00m\x00o\x00s\x00t\x00r\x00a\x00\
r\x00 \x00d\x00e\x00 \x00n\x00u\x00e\x00\
v\x00o\x00 \x00e\x00s\x00t\x00o\x08\x00\x00\
\x00\x00\x06\x00\x00\x00\x15Don't sho\
w this again\x07\x00\x00\x00\
\x11ImageEditorDial\
og\x01\x03\x00\x00\x00\x16\x00D\x00e\x00s\x00c\
\x00a\x00r\x00g\x00a\x00n\x00d\x00o\x08\x00\
\x00\x00\x00\x06\x00\x00\x00\x0bDownload\
ing\x07\x00\x00\x00\x11ImageEdi\
torDialog\x01\x03\x00\x00\x00\x0c\x00\
&\x00S\x00a\x00l\x00i\x00r\x08\x00\x00\x00\x00\
\x06\x00\x00\x00\x05E&xit\x07\x00\x00\x00\x11I\
mageEditorDialog\
\x01\x03\x00\x00\x00\x22\x00P\x00a\x00n\x00t\x00a\
\x00l\x00l\x00a\x00 \x00c\x00o\x00m\x00p\
\x00l\x00e\x00t\x00a\x08\x00\x00\x00\x00\x06\x00\x00\
\x00\x0bFull Screen\x07\x00\x00\
\x00\x11ImageEditorDia\
log\x01\x03\x00\x00\x00 \x00E\x00d\x00i\x00\
t\x00o\x00r\x00 \x00d\x00e\x00 \x00i\x00\
m\x00a\x00g\x00e\x00n\x08\x00\x00\x00\x00\x06\x00\
\x00\x00\x0cImage editor\x07\
\x00\x00\x00\x11ImageEditorD\
ialog\x01\x03\x00\x00\x00N\x00L\x00a\x00\
 \x00i\x00m\x00a\x00g\x00e\x00n\x00 \x00\
h\x00a\x00 \x00c\x00a\x00m\x00b\x00i\x00\
a\x00d\x00o\x00 \x00\xbf\x00G\x00u\x00a\x00\
r\x00d\x00a\x00r\x00 \x00c\x00a\x00m\x00\
b\x00i\x00o\x00s\x00?\x08\x00\x00\x00\x00\x06\x00\
\x00\x00 Image was cha\
nged. Save chang\
es?\x07\x00\x00\x00\x11ImageEdi\
torDialog\x01\x03\x00\x00\x00\x14\x00\
N\x00a\x00v\x00e\x00g\x00a\x00c\x00i\x00\
\xf3\x00n\x08\x00\x00\x00\x00\x06\x00\x00\x00\x0aNav\
igation\x07\x00\x00\x00\x11Imag\
eEditorDialog\x01\x03\x00\
\x00\x00 \x00I\x00m\x00a\x00g\x00e\x00n\x00\
 \x00s\x00i\x00g\x00u\x00i\x00e\x00n\x00\
t\x00e\x08\x00\x00\x00\x00\x06\x00\x00\x00\x0aNex\
t image\x07\x00\x00\x00\x11Imag\
eEditorDialog\x01\x03\x00\
\x00\x00$\x00R\x00e\x00g\x00i\x00s\x00t\x00\
r\x00o\x00 \x00s\x00i\x00g\x00u\x00i\x00\
e\x00n\x00t\x00e\x08\x00\x00\x00\x00\x06\x00\x00\x00\
\x0bNext record\x07\x00\x00\x00\
\x11ImageEditorDial\
og\x01\x03\x00\x00\x00\xb6\x00N\x00o\x00 \x00h\
\x00a\x00y\x00 \x00n\x00i\x00n\x00g\x00u\
\x00n\x00a\x00 \x00c\x00\xe1\x00m\x00a\x00r\
\x00a\x00 \x00l\x00i\x00b\x00g\x00p\x00h\
\x00o\x00t\x00o\x002\x00 \x00c\x00o\x00n\
\x00f\x00i\x00g\x00u\x00r\x00a\x00d\x00a\
\x00.\x00 \x00A\x00b\x00r\x00e\x00 \x00\xab\
\x00C\x00\xe1\x00m\x00a\x00r\x00a\x00 \x00(\
\x00l\x00i\x00b\x00g\x00p\x00h\x00o\x00t\
\x00o\x002\x00)\x00\xbb\x00 \x00p\x00a\x00r\
\x00a\x00 \x00c\x00o\x00n\x00f\x00i\x00g\
\x00u\x00r\x00a\x00r\x00l\x00a\x00.\x08\x00\
\x00\x00\x00\x06\x00\x00\x00NNo libgp\
hoto2 camera is \
configured. Open\
 Camera (libgpho\
to2) to configur\
e one.\x07\x00\x00\x00\x11Image\
EditorDialog\x01\x03\x00\x00\
\x00\x1a\x00A\x00b\x00r\x00i\x00r\x00 \x00a\
\x00r\x00c\x00h\x00i\x00v\x00o\x08\x00\x00\x00\
\x00\x06\x00\x00\x00\x09Open File\x07\
\x00\x00\x00\x11ImageEditorD\
ialog\x01\x03\x00\x00\x00\x0a\x00P\x00e\x00\
g\x00a\x00r\x08\x00\x00\x00\x00\x06\x00\x00\x00\x05P\
aste\x07\x00\x00\x00\x11ImageEd\
itorDialog\x01\x03\x00\x00\x00\x1e\
\x00I\x00m\x00a\x00g\x00e\x00n\x00 \x00a\
\x00n\x00t\x00e\x00r\x00i\x00o\x00r\x08\x00\
\x00\x00\x00\x06\x00\x00\x00\x0ePrevious\
 image\x07\x00\x00\x00\x11Image\
EditorDialog\x01\x03\x00\x00\
\x00\x22\x00R\x00e\x00g\x00i\x00s\x00t\x00r\
\x00o\x00 \x00a\x00n\x00t\x00e\x00r\x00i\
\x00o\x00r\x08\x00\x00\x00\x00\x06\x00\x00\x00\x0fPr\
evious record\x07\x00\x00\
\x00\x11ImageEditorDia\
log\x01\x03\x00\x00\x00\x0e\x00R\x00e\x00h\x00\
a\x00c\x00e\x00r\x08\x00\x00\x00\x00\x06\x00\x00\x00\
\x04Redo\x07\x00\x00\x00\x11ImageE\
ditorDialog\x01\x03\x00\x00\x00\
\x1c\x00E\x00l\x00i\x00m\x00i\x00n\x00a\x00\
r\x00 \x00f\x00o\x00n\x00d\x00o\x08\x00\x00\
\x00\x00\x06\x00\x00\x00\x11Remove ba\
ckground\x07\x00\x00\x00\x11Ima\
geEditorDialog\x01\x03\
\x00\x00\x00\x22\x00R\x00o\x00t\x00a\x00r\x00 \
\x00a\x00 \x00i\x00z\x00q\x00u\x00i\x00e\
\x00r\x00d\x00a\x08\x00\x00\x00\x00\x06\x00\x00\x00\x0e\
Rotate to Left\x07\x00\
\x00\x00\x11ImageEditorDi\
alog\x01\x03\x00\x00\x00\x1e\x00R\x00o\x00t\
\x00a\x00r\x00 \x00a\x00 \x00d\x00e\x00r\
\x00e\x00c\x00h\x00a\x08\x00\x00\x00\x00\x06\x00\x00\
\x00\x0fRotate to Righ\
t\x07\x00\x00\x00\x11ImageEdito\
rDialog\x01\x03\x00\x00\x00\x10\x00R\x00\
o\x00t\x00a\x00r\x00.\x00.\x00.\x08\x00\x00\
\x00\x00\x06\x00\x00\x00\x09Rotate...\
\x07\x00\x00\x00\x11ImageEditor\
Dialog\x01\x03\x00\x00\x00\x0e\x00G\x00u\
\x00a\x00r\x00d\x00a\x00r\x08\x00\x00\x00\x00\x06\
\x00\x00\x00\x04Save\x07\x00\x00\x00\x11Ima\
geEditorDialog\x01\x03\
\x00\x00\x00@\x00\xbf\x00G\x00r\x00a\x00b\x00a\
\x00r\x00 \x00c\x00a\x00m\x00b\x00i\x00o\
\x00s\x00 \x00a\x00 \x00i\x00m\x00a\x00g\
\x00e\x00n\x00 \x00a\x00c\x00t\x00u\x00a\
\x00l\x00?\x08\x00\x00\x00\x00\x06\x00\x00\x00\x1eSa\
ve changes to cu\
rrent image?\x07\x00\x00\x00\
\x11ImageEditorDial\
og\x01\x03\x00\x00\x00 \x00C\x00o\x00n\x00f\
\x00i\x00g\x00u\x00r\x00a\x00c\x00i\x00\xf3\
\x00n\x00.\x00.\x00.\x08\x00\x00\x00\x00\x06\x00\x00\
\x00\x0bSettings...\x07\x00\x00\
\x00\x11ImageEditorDia\
log\x01\x03\x00\x00\x00>\x00M\x00o\x00s\x00\
t\x00r\x00a\x00r\x00 \x00P\x00a\x00n\x00\
e\x00l\x00 \x00d\x00e\x00 \x00D\x00e\x00\
s\x00p\x00l\x00a\x00z\x00a\x00m\x00i\x00\
e\x00n\x00t\x00o\x08\x00\x00\x00\x00\x06\x00\x00\x00\
\x11Show Scroll Pan\
el\x07\x00\x00\x00\x11ImageEdit\
orDialog\x01\x03\x00\x00\x00.\x00M\
\x00o\x00s\x00t\x00r\x00a\x00r\x00 \x00b\
\x00a\x00r\x00r\x00a\x00 \x00d\x00e\x00 \
\x00e\x00s\x00t\x00a\x00d\x00o\x08\x00\x00\x00\
\x00\x06\x00\x00\x00\x0fShow Statu\
s Bar\x07\x00\x00\x00\x11ImageE\
ditorDialog\x01\x03\x00\x00\x00\
:\x00M\x00o\x00s\x00t\x00r\x00a\x00r\x00\
 \x00b\x00a\x00r\x00r\x00a\x00 \x00d\x00\
e\x00 \x00h\x00e\x00r\x00r\x00a\x00m\x00\
i\x00e\x00n\x00t\x00a\x00s\x08\x00\x00\x00\x00\
\x06\x00\x00\x00\x0dShow Tool B\
ar\x07\x00\x00\x00\x11ImageEdit\
orDialog\x01\x03\x00\x00\x00\x10\x00D\
\x00e\x00s\x00h\x00a\x00c\x00e\x00r\x08\x00\
\x00\x00\x00\x06\x00\x00\x00\x04Undo\x07\x00\x00\x00\
\x11ImageEditorDial\
og\x01\x03\x00\x00\x00\x1e\x00&\x00A\x00u\x00m\
\x00e\x00n\x00t\x00a\x00r\x00 \x00(\x002\
\x005\x00%\x00)\x08\x00\x00\x00\x00\x06\x00\x00\x00\x0e\
Zoom &In (25%)\x07\x00\
\x00\x00\x11ImageEditorDi\
alog\x01\x03\x00\x00\x00\x1c\x00&\x00R\x00e\
\x00d\x00u\x00c\x00i\x00r\x00 \x00(\x002\
\x005\x00%\x00)\x08\x00\x00\x00\x00\x06\x00\x00\x00\x0f\
Zoom &Out (25%)\x07\
\x00\x00\x00\x11ImageEditorD\
ialog\x01\x03\x00\x00\x00N\x00L\x00a\x00\
 \x00i\x00m\x00a\x00g\x00e\x00n\x00 \x00\
h\x00a\x00 \x00c\x00a\x00m\x00b\x00i\x00\
a\x00d\x00o\x00 \x00\xbf\x00G\x00u\x00a\x00\
r\x00d\x00a\x00r\x00 \x00c\x00a\x00m\x00\
b\x00i\x00o\x00s\x00?\x08\x00\x00\x00\x00\x06\x00\
\x00\x00 Image was cha\
nged. Save chang\
es?\x07\x00\x00\x00\x11ImageEdi\
torWindow\x01\x03\x00\x00\x00 \x00\
A\x00b\x00r\x00i\x00r\x00 \x00c\x00a\x00\
r\x00p\x00e\x00t\x00a\x00.\x00.\x00.\x08\
\x00\x00\x00\x00\x06\x00\x00\x00\x0eOpen fo\
lder...\x07\x00\x00\x00\x11Imag\
eEditorWindow\x01\x03\x00\
\x00\x00.\x00A\x00b\x00r\x00i\x00r\x00 \x00\
c\x00a\x00r\x00p\x00e\x00t\x00a\x00 \x00\
d\x00e\x00 \x00i\x00m\x00a\x00g\x00e\x00\
n\x08\x00\x00\x00\x00\x06\x00\x00\x00\x11Open \
image folder\x07\x00\x00\x00\
\x11ImageEditorWind\
ow\x01\x03\x00\x00\x00\x0e\x00G\x00u\x00a\x00r\
\x00d\x00a\x00r\x08\x00\x00\x00\x00\x06\x00\x00\x00\x04\
Save\x07\x00\x00\x00\x11ImageEd\
itorWindow\x01\x03\x00\x00\x00\x0c\
\x00\xc1\x00n\x00g\x00u\x00l\x00o\x08\x00\x00\x00\
\x00\x06\x00\x00\x00\x05Angle\x07\x00\x00\x00\x0c\
RotateDialog\x01\x03\x00\x00\
\x00\x18\x00A\x00u\x00t\x00o\x00 \x00r\x00e\
\x00c\x00o\x00r\x00t\x00e\x08\x00\x00\x00\x00\x06\
\x00\x00\x00\x09Auto crop\x07\x00\x00\
\x00\x0cRotateDialog\x01\x03\
\x00\x00\x00\x0a\x00R\x00o\x00t\x00a\x00r\x08\x00\
\x00\x00\x00\x06\x00\x00\x00\x06Rotate\x07\x00\
\x00\x00\x0cRotateDialog\x01\
\x03\x00\x00\x00\x18\x00V\x00e\x00r\x00 \x00p\x00\
a\x00r\x00r\x00i\x00l\x00l\x00a\x08\x00\x00\
\x00\x00\x06\x00\x00\x00\x09Show grid\
\x07\x00\x00\x00\x0cRotateDialo\
g\x01\x03\x00\x00\x00H\x00M\x00o\x00d\x00e\x00\
l\x00o\x00 \x00d\x00e\x00 \x00I\x00A\x00\
 \x00d\x00e\x00 \x00e\x00l\x00i\x00m\x00\
i\x00n\x00a\x00c\x00i\x00\xf3\x00n\x00 \x00\
d\x00e\x00 \x00f\x00o\x00n\x00d\x00o\x08\
\x00\x00\x00\x00\x06\x00\x00\x00\x1bBackgro\
und remover AI m\
odel\x07\x00\x00\x00\x0eSetting\
sDialog\x01\x03\x00\x00\x00J\x00R\x00\
e\x00c\x00o\x00r\x00t\x00a\x00r\x00 \x00\
d\x00e\x00s\x00p\x00u\x00\xe9\x00s\x00 \x00\
d\x00e\x00 \x00e\x00l\x00i\x00m\x00i\x00\
n\x00a\x00r\x00 \x00e\x00l\x00 \x00f\x00\
o\x00n\x00d\x00o\x08\x00\x00\x00\x00\x06\x00\x00\x00\
\x1dCrop after back\
ground remover\x07\x00\
\x00\x00\x0eSettingsDialo\
g\x01\x03\x00\x00\x00\x1a\x00C\x00o\x00n\x00f\x00\
i\x00g\x00u\x00r\x00a\x00c\x00i\x00\xf3\x00\
n\x08\x00\x00\x00\x00\x06\x00\x00\x00\x08Setti\
ngs\x07\x00\x00\x00\x0eSettings\
Dialog\x01\x03\x00\x00\x008\x00C\x00o\
\x00l\x00o\x00r\x00 \x00d\x00e\x00 \x00f\
\x00o\x00n\x00d\x00o\x00 \x00d\x00e\x00 \
\x00l\x00a\x00 \x00v\x00e\x00n\x00t\x00a\
\x00n\x00a\x08\x00\x00\x00\x00\x06\x00\x00\x00\x17Wi\
ndow background \
color\x07\x00\x00\x00\x0eSettin\
gsDialog\x01\x03\x00\x00\x00\x0a\x00C\
\x00o\x00l\x00o\x00r\x08\x00\x00\x00\x00\x06\x00\x00\
\x00\x05Color\x07\x00\x00\x00\x14Wind\
owSettingsDialog\
\x01\x03\x00\x00\x000\x00C\x00o\x00l\x00o\x00r\
\x00 \x00d\x00e\x00 \x00f\x00o\x00n\x00d\
\x00o\x00 \x00d\x00e\x00 \x00i\x00m\x00a\
\x00g\x00e\x00n\x08\x00\x00\x00\x00\x06\x00\x00\x00\x16\
Image background\
 color\x07\x00\x00\x00\x14Windo\
wSettingsDialog\x01\
\x03\x00\x00\x00\x18\x00T\x00r\x00a\x00n\x00s\x00\
p\x00a\x00r\x00e\x00n\x00t\x00e\x08\x00\x00\
\x00\x00\x06\x00\x00\x00\x0bTranspare\
nt\x07\x00\x00\x00\x14WindowSet\
tingsDialog\x01\x03\x00\x00\x00\
0\x00T\x00o\x00d\x00o\x00s\x00 \x00l\x00\
o\x00s\x00 \x00a\x00r\x00c\x00h\x00i\x00\
v\x00o\x00s\x00 \x00(\x00*\x00.\x00*\x00\
)\x08\x00\x00\x00\x00\x06\x00\x00\x00\x0fAll f\
iles (*.*)\x07\x00\x00\x00\x10r\
eadImageFilters\x01\
\x03\x00\x00\x00\x1a\x00I\x00m\x00\xe1\x00g\x00e\x00\
n\x00e\x00s\x00 \x00(\x00%\x00s\x00)\x08\
\x00\x00\x00\x00\x06\x00\x00\x00\x0bImages \
(%s)\x07\x00\x00\x00\x10readIma\
geFilters\x01\x03\x00\x00\x000\x00\
T\x00o\x00d\x00o\x00s\x00 \x00l\x00o\x00\
s\x00 \x00a\x00r\x00c\x00h\x00i\x00v\x00\
o\x00s\x00 \x00(\x00*\x00.\x00*\x00)\x08\
\x00\x00\x00\x00\x06\x00\x00\x00\x0fAll fil\
es (*.*)\x07\x00\x00\x00\x10sav\
eImageFilters\x01\x88\x00\
\x00\x00\x02\x01\x01\
\x00\x00)\xc6\
<\
\xb8d\x18\xca\xef\x9c\x95\xcd!\x1c\xbf`\xa1\xbd\xdd\xa7\
\x00\x00\x00\x02deB\x00\x00\x03P\x00\x00\x00X\x00\
\x00\x0ej\x00\x00\x00Y\x00\x00\x0f \x00\x00\x05\xb1\x00\
\x00\x0e\x8c\x00\x00\x05\xb2\x00\x00\x0e\xb1\x00\x00\x05\xb3\x00\
\x00\x0e\xd6\x00\x00\x05\xb4\x00\x00\x0e\xfb\x00\x00\x05\xc1\x00\
\x00\x0fB\x00\x00\x05\xc2\x00\x00\x0fg\x00\x00\x05\xc3\x00\
\x00\x0f\x8c\x00\x00\x05\xc4\x00\x00\x0f\xb1\x00\x04\x8c\xaf\x00\
\x00\x0d\x16\x00\x04\xa6y\x00\x00\x14\xd2\x00\x04\xa9`\x00\
\x00\x0dp\x00\x05\x8bt\x00\x00\x0d\xd6\x00\x05\x8b\xa4\x00\
\x00\x0e\x07\x00\x05\x8b\xaf\x00\x00\x1bx\x00\x05\x98\xc5\x00\
\x00\x1d\x01\x00\x05\x98\xc5\x00\x00!c\x00\x05\xc4\xaf\x00\
\x00\x1f-\x00\x105\xbe\x00\x00\x05\x1e\x00\x17\xac\xbe\x00\
\x00\x1d\xcf\x00*\xbb\x04\x00\x00\x10\x1f\x00*\xd0%\x00\
\x00\x10`\x00+\xcf\xc7\x00\x00\x11\xd6\x00G\xdf\x04\x00\
\x00\x16\xc4\x00HN%\x00\x00!\x9f\x00Jcb\x00\
\x00$k\x00V\x8a\xa5\x00\x00\x1a\x92\x00Y\xf6d\x00\
\x00\x01^\x00Y\xf6d\x00\x00\x0a$\x00]\xfb\xa8\x00\
\x00\x0e:\x00\x81;\xb2\x00\x00!\x0a\x01I\xcc\x12\x00\
\x00#\xf7\x01\x80\x912\x00\x00#&\x01\xcdQN\x00\
\x00\x03g\x02X\xa3\xd3\x00\x00\x07\xe0\x02\xda\xb7>\x00\
\x00\x08\xc3\x02\xe1x\xce\x00\x00\x02A\x03\x01mV\x00\
\x00\x15\xb2\x03\x16Jn\x00\x00\x16\x18\x03\x1c\xc2\x17\x00\
\x00\x16y\x03VG>\x00\x00\x07w\x03\xa0D\xef\x00\
\x00\x1d=\x03\xbax\x12\x00\x00\x17@\x03\xd9\x80\xd9\x00\
\x00\x1f\xc1\x03\xe7H\x1c\x00\x00\x22\xa2\x04l;N\x00\
\x00 \xbc\x04\x98<\x81\x00\x00\x12\xc5\x04\x98I\xbc\x00\
\x00\x13I\x04\xa0\x8a%\x00\x00\x0dA\x04\xeb\xfd\xf4\x00\
\x00\x0d\xa9\x04\xfeM\x9e\x00\x00\x13\x87\x05Q\x0a5\x00\
\x00\x10\xf3\x05\x96\xa8\xa5\x00\x00\x22'\x05\xd7I^\x00\
\x00\x16\xff\x06k{%\x00\x00\x18t\x06l\x13\xbe\x00\
\x00\x11=\x06t{\x89\x00\x00\x1fk\x06\x96\xb1\x04\x00\
\x00\x22Z\x06\xf0\xf7N\x00\x00\x0cj\x07! \xe5\x00\
\x00\x04C\x07c\xd9\xce\x00\x00\x11\x7f\x07\xa0\x96\xd6\x00\
\x00\x15O\x07\xd4\xa5\xe2\x00\x00\x00\x00\x07\xd4\xa5\xe2\x00\
\x00\x01\xf4\x07\xd4\xa5\xe2\x00\x00\x12\xfd\x07\xdfi\xe4\x00\
\x00\x18\xbe\x08\x186\x1f\x00\x00\x17\x8e\x08\x186\x1f\x00\
\x00 \x1a\x08\xda4\xd7\x00\x00\x10\x97\x09K\xbbT\x00\
\x00\x09N\x09\x5c:\xa2\x00\x00\x12m\x09\x8cv\xd3\x00\
\x00\x0f\xd6\x09\xa1\xb6\xd5\x00\x00\x0b\x85\x0a3\x04\x04\x00\
\x00%\x0c\x0az\x9d\x1e\x00\x00\x062\x0a\x8a:n\x00\
\x00\x1c\xc0\x0a\x961N\x00\x00\x15\x0c\x0a\xb8\x99\xe5\x00\
\x00\x00G\x0a\xf6\xb3\xd2\x00\x00$\xa3\x0b\x16\xe1\xa0\x00\
\x00!\xdb\x0bF\x1a)\x00\x00%X\x0bF\x1a)\x00\
\x00%\xf6\x0b[\xbdT\x00\x00\x1b\x1f\x0b\x96\x00\x0c\x00\
\x00\x1e \x0b\xad\x83~\x00\x00\x08D\x0b\xb0\xd3^\x00\
\x00\x05\x91\x0b\xc4\xe5\x8e\x00\x00\x03\xdd\x0b\xd2\xd3$\x00\
\x00\x1cq\x0c\x02\x9b\x89\x00\x00%\xb0\x0c\x02\xb3#\x00\
\x00\x00\xa8\x0c\x04\x9aE\x00\x00\x1aK\x0cW\x8b\xee\x00\
\x00\x0a`\x0cW\x8e\xee\x00\x00\x19\x0f\x0c\xb5\xad\xe0\x00\
\x00\x12\x11\x0c\xbb\x01s\x00\x00#\xb2\x0dP\xbb\xf2\x00\
\x00\x1ey\x0d\xa34e\x00\x00\x1a\xcd\x0d\xa7\xa2\xd9\x00\
\x00\x01\x94\x0d\xa8\xde\x82\x00\x00\x1e\xd2\x0d\xbd\x894\x00\
\x00\x1c%\x0d\xc70D\x00\x00\x1b\xc4\x0f\x01\xaeN\x00\
\x00\x04\xb5\x0f\x01\xaeN\x00\x00\x14j\x0fA\xfd.\x00\
\x00\x06\xcf\x0f\xdd\xe8\x9e\x00\x00\x180i\x00\x00&N\
\x03\x00\x00\x00\x1a\x00K\x00a\x00m\x00e\x00r\x00\
a\x00-\x00F\x00e\x00h\x00l\x00e\x00r\x08\
\x00\x00\x00\x00\x06\x00\x00\x00\x0cCamera \
Error\x07\x00\x00\x00\x0cCamera\
Dialog\x01\x03\x00\x00\x00,\x00K\x00a\
\x00m\x00e\x00r\x00a\x00 \x00n\x00i\x00c\
\x00h\x00t\x00 \x00v\x00e\x00r\x00f\x00\xfc\
\x00g\x00b\x00a\x00r\x08\x00\x00\x00\x00\x06\x00\x00\
\x00\x14Camera not ava\
ilable\x07\x00\x00\x00\x0cCamer\
aDialog\x01\x03\x00\x00\x00h\x00K\x00\
a\x00m\x00e\x00r\x00a\x00 \x00n\x00i\x00\
c\x00h\x00t\x00 \x00v\x00e\x00r\x00f\x00\
\xfc\x00g\x00b\x00a\x00r\x00 \x00o\x00d\x00\
e\x00r\x00 \x00d\x00u\x00r\x00c\x00h\x00\
 \x00A\x00n\x00t\x00i\x00v\x00i\x00r\x00\
u\x00s\x00 \x00g\x00e\x00s\x00p\x00e\x00\
r\x00r\x00t\x08\x00\x00\x00\x00\x06\x00\x00\x00-C\
amera not availa\
ble or disabled \
by antivirus\x07\x00\x00\x00\
\x0cCameraDialog\x01\x03\x00\
\x00\x00\x10\x00A\x00u\x00f\x00n\x00a\x00h\x00\
m\x00e\x08\x00\x00\x00\x00\x06\x00\x00\x00\x05Sho\
ot\x07\x00\x00\x00\x0cCameraDia\
log\x01\x03\x00\x00\x00&\x00K\x00a\x00m\x00\
e\x00r\x00a\x00 \x00(\x00l\x00i\x00b\x00\
g\x00p\x00h\x00o\x00t\x00o\x002\x00)\x08\
\x00\x00\x00\x00\x06\x00\x00\x00\x13Camera \
(libgphoto2)\x07\x00\x00\x00\
\x12CameraGPhotoDia\
log\x01\x03\x00\x00\x00\x1a\x00K\x00a\x00m\x00\
e\x00r\x00a\x00-\x00F\x00e\x00h\x00l\x00\
e\x00r\x08\x00\x00\x00\x00\x06\x00\x00\x00\x0cCam\
era Error\x07\x00\x00\x00\x12Ca\
meraGPhotoDialog\
\x01\x03\x00\x00\x00\xbc\x00K\x00a\x00m\x00e\x00r\
\x00a\x00 \x00n\x00i\x00c\x00h\x00t\x00 \
\x00v\x00e\x00r\x00f\x00\xfc\x00g\x00b\x00a\
\x00r\x00;\x00 \x00g\x00e\x00s\x00p\x00e\
\x00i\x00c\x00h\x00e\x00r\x00t\x00e\x00 \
\x00E\x00i\x00n\x00s\x00t\x00e\x00l\x00l\
\x00u\x00n\x00g\x00e\x00n\x00 \x00w\x00e\
\x00r\x00d\x00e\x00n\x00 \x00a\x00n\x00g\
\x00e\x00z\x00e\x00i\x00g\x00t\x00.\x00 \
\x00A\x00u\x00f\x00n\x00a\x00h\x00m\x00e\
\x00 \x00i\x00s\x00t\x00 \x00d\x00e\x00a\
\x00k\x00t\x00i\x00v\x00i\x00e\x00r\x00t\
\x00.\x08\x00\x00\x00\x00\x06\x00\x00\x00CCame\
ra is unavailabl\
e; showing saved\
 settings. Captu\
re is disabled.\x07\
\x00\x00\x00\x12CameraGPhoto\
Dialog\x01\x03\x00\x00\x008\x00K\x00a\
\x00m\x00e\x00r\x00a\x00e\x00i\x00n\x00s\
\x00t\x00e\x00l\x00l\x00u\x00n\x00g\x00e\
\x00n\x00 \x00g\x00e\x00l\x00a\x00d\x00e\
\x00n\x00.\x08\x00\x00\x00\x00\x06\x00\x00\x00\x17Ca\
mera settings lo\
aded.\x07\x00\x00\x00\x12Camera\
GPhotoDialog\x01\x03\x00\x00\
\x000\x00A\x00u\x00f\x00n\x00a\x00h\x00m\
\x00e\x00 \x00f\x00e\x00h\x00l\x00g\x00e\
\x00s\x00c\x00h\x00l\x00a\x00g\x00e\x00n\
\x00.\x08\x00\x00\x00\x00\x06\x00\x00\x00\x0fCapt\
ure failed.\x07\x00\x00\x00\x12\
CameraGPhotoDial\
og\x01\x03\x00\x00\x004\x00I\x00m\x00 \x00V\
\x00o\x00r\x00s\x00c\x00h\x00a\x00u\x00m\
\x00o\x00d\x00u\x00s\x00 \x00a\x00u\x00f\
\x00n\x00e\x00h\x00m\x00e\x00n\x08\x00\x00\x00\
\x00\x06\x00\x00\x00\x17Capture in\
 preview mode\x07\x00\x00\
\x00\x12CameraGPhotoDi\
alog\x01\x03\x00\x00\x000\x00B\x00i\x00l\
\x00d\x00 \x00w\x00i\x00r\x00d\x00 \x00a\
\x00u\x00f\x00g\x00e\x00n\x00o\x00m\x00m\
\x00e\x00n\x00.\x00.\x00.\x08\x00\x00\x00\x00\x06\
\x00\x00\x00\x12Capturing im\
age...\x07\x00\x00\x00\x12Camer\
aGPhotoDialog\x01\x03\x00\
\x00\x008\x00V\x00o\x00r\x00s\x00c\x00h\x00\
a\x00u\x00 \x00w\x00i\x00r\x00d\x00 \x00\
a\x00u\x00f\x00g\x00e\x00n\x00o\x00m\x00\
m\x00e\x00n\x00.\x00.\x00.\x08\x00\x00\x00\x00\
\x06\x00\x00\x00\x14Capturing p\
review...\x07\x00\x00\x00\x12Ca\
meraGPhotoDialog\
\x01\x03\x00\x00\x00Z\x00l\x00i\x00b\x00g\x00p\
\x00h\x00o\x00t\x00o\x002\x00 \x00k\x00o\
\x00n\x00n\x00t\x00e\x00 \x00n\x00i\x00c\
\x00h\x00t\x00 \x00i\x00n\x00i\x00t\x00i\
\x00a\x00l\x00i\x00s\x00i\x00e\x00r\x00t\
\x00 \x00w\x00e\x00r\x00d\x00e\x00n\x00.\
\x08\x00\x00\x00\x00\x06\x00\x00\x00 Could \
not initialize l\
ibgphoto2.\x07\x00\x00\x00\x12C\
ameraGPhotoDialo\
g\x01\x03\x00\x00\x00X\x00K\x00a\x00m\x00e\x00\
r\x00a\x00s\x00 \x00k\x00o\x00n\x00n\x00\
t\x00e\x00n\x00 \x00n\x00i\x00c\x00h\x00\
t\x00 \x00e\x00r\x00n\x00e\x00u\x00t\x00\
 \x00g\x00e\x00s\x00u\x00c\x00h\x00t\x00\
 \x00w\x00e\x00r\x00d\x00e\x00n\x00.\x08\
\x00\x00\x00\x00\x06\x00\x00\x00\x1eCould n\
ot re-evaluate c\
ameras.\x07\x00\x00\x00\x12Came\
raGPhotoDialog\x01\x03\
\x00\x00\x00b\x00K\x00a\x00m\x00e\x00r\x00a\
\x00e\x00i\x00n\x00s\x00t\x00e\x00l\x00l\
\x00u\x00n\x00g\x00e\x00n\x00 \x00k\x00o\
\x00n\x00n\x00t\x00e\x00n\x00 \x00n\x00i\
\x00c\x00h\x00t\x00 \x00g\x00e\x00l\x00e\
\x00s\x00e\x00n\x00 \x00w\x00e\x00r\x00d\
\x00e\x00n\x00.\x08\x00\x00\x00\x00\x06\x00\x00\x00\x1f\
Could not read c\
amera settings.\x07\
\x00\x00\x00\x12CameraGPhoto\
Dialog\x01\x03\x00\x00\x00.\x00K\x00e\
\x00i\x00n\x00e\x00 \x00K\x00a\x00m\x00e\
\x00r\x00a\x00s\x00 \x00g\x00e\x00f\x00u\
\x00n\x00d\x00e\x00n\x00.\x08\x00\x00\x00\x00\x06\
\x00\x00\x00\x14No cameras d\
etected.\x07\x00\x00\x00\x12Cam\
eraGPhotoDialog\x01\
\x03\x00\x00\x00*\x00K\x00a\x00m\x00e\x00r\x00\
a\x00s\x00 \x00e\x00r\x00n\x00e\x00u\x00\
t\x00 \x00s\x00u\x00c\x00h\x00e\x00n\x08\
\x00\x00\x00\x00\x06\x00\x00\x00\x13Re-eval\
uate cameras\x07\x00\x00\x00\
\x12CameraGPhotoDia\
log\x01\x03\x00\x00\x00@\x00K\x00a\x00m\x00\
e\x00r\x00a\x00s\x00 \x00w\x00e\x00r\x00\
d\x00e\x00n\x00 \x00e\x00r\x00n\x00e\x00\
u\x00t\x00 \x00g\x00e\x00s\x00u\x00c\x00\
h\x00t\x00.\x00.\x00.\x08\x00\x00\x00\x00\x06\x00\
\x00\x00\x18Re-evaluating\
 cameras...\x07\x00\x00\x00\x12\
CameraGPhotoDial\
og\x01\x03\x00\x00\x00J\x00K\x00a\x00m\x00e\
\x00r\x00a\x00e\x00i\x00n\x00s\x00t\x00e\
\x00l\x00l\x00u\x00n\x00g\x00e\x00n\x00 \
\x00w\x00e\x00r\x00d\x00e\x00n\x00 \x00g\
\x00e\x00l\x00e\x00s\x00e\x00n\x00.\x00.\
\x00.\x08\x00\x00\x00\x00\x06\x00\x00\x00\x1aRead\
ing camera setti\
ngs...\x07\x00\x00\x00\x12Camer\
aGPhotoDialog\x01\x03\x00\
\x00\x00\x80\x00U\x00r\x00s\x00p\x00r\x00\xfc\x00\
n\x00g\x00l\x00i\x00c\x00h\x00e\x00s\x00\
 \x00A\x00u\x00f\x00n\x00a\x00h\x00m\x00\
e\x00z\x00i\x00e\x00l\x00 \x00n\x00a\x00\
c\x00h\x00 \x00j\x00e\x00d\x00e\x00r\x00\
 \x00A\x00u\x00f\x00n\x00a\x00h\x00m\x00\
e\x00 \x00w\x00i\x00e\x00d\x00e\x00r\x00\
h\x00e\x00r\x00s\x00t\x00e\x00l\x00l\x00\
e\x00n\x08\x00\x00\x00\x00\x06\x00\x00\x00/Res\
tore original ca\
pture target aft\
er each shot\x07\x00\x00\x00\
\x12CameraGPhotoDia\
log\x01\x03\x00\x00\x00\x10\x00A\x00u\x00f\x00\
n\x00a\x00h\x00m\x00e\x08\x00\x00\x00\x00\x06\x00\
\x00\x00\x05Shoot\x07\x00\x00\x00\x12Cam\
eraGPhotoDialog\x01\
\x03\x00\x00\x00\xb4\x00S\x00t\x00a\x00n\x00d\x00\
a\x00r\x00d\x00a\x00u\x00f\x00n\x00a\x00\
h\x00m\x00e\x00n\x00 \x00s\x00i\x00n\x00\
d\x00 \x00n\x00u\x00r\x00 \x00m\x00\xf6\x00\
g\x00l\x00i\x00c\x00h\x00,\x00 \x00w\x00\
e\x00n\x00n\x00 \x00d\x00e\x00r\x00 \x00\
i\x00n\x00t\x00e\x00r\x00n\x00e\x00 \x00\
R\x00A\x00M\x00-\x00S\x00p\x00e\x00i\x00\
c\x00h\x00e\x00r\x00 \x00a\x00l\x00s\x00\
 \x00Z\x00i\x00e\x00l\x00 \x00a\x00u\x00\
s\x00g\x00e\x00w\x00\xe4\x00h\x00l\x00t\x00\
 \x00i\x00s\x00t\x00.\x08\x00\x00\x00\x00\x06\x00\
\x00\x00JStandard capt\
ure is unavailab\
le unless an int\
ernal-RAM target\
 is selected.\x07\x00\x00\
\x00\x12CameraGPhotoDi\
alog\x01\x03\x00\x00\x00\x94\x00D\x00i\x00e\
\x00 \x00a\x00u\x00f\x00g\x00e\x00n\x00o\
\x00m\x00m\x00e\x00n\x00e\x00n\x00 \x00D\
\x00a\x00t\x00e\x00n\x00 \x00l\x00i\x00e\
\x00g\x00e\x00n\x00 \x00n\x00i\x00c\x00h\
\x00t\x00 \x00i\x00n\x00 \x00e\x00i\x00n\
\x00e\x00m\x00 \x00u\x00n\x00t\x00e\x00r\
\x00s\x00t\x00\xfc\x00t\x00z\x00t\x00e\x00n\
\x00 \x00B\x00i\x00l\x00d\x00f\x00o\x00r\
\x00m\x00a\x00t\x00 \x00v\x00o\x00r\x08\x00\
\x00\x00\x00\x06\x00\x00\x00*The capt\
ured data is not\
 a supported ima\
ge\x07\x00\x00\x00\x12CameraGPh\
otoDialog\x01\x03\x00\x00\x00X\x00\
D\x00i\x00e\x00s\x00e\x00 \x00K\x00a\x00\
m\x00e\x00r\x00a\x00 \x00u\x00n\x00t\x00\
e\x00r\x00s\x00t\x00\xfc\x00t\x00z\x00t\x00\
 \x00k\x00e\x00i\x00n\x00e\x00 \x00B\x00\
i\x00l\x00d\x00a\x00u\x00f\x00n\x00a\x00\
h\x00m\x00e\x00.\x08\x00\x00\x00\x00\x06\x00\x00\x00\
-This camera doe\
s not advertise \
image capture.\x07\x00\
\x00\x00\x12CameraGPhotoD\
ialog\x01\x03\x00\x00\x00\x08\x00A\x00u\x00\
t\x00o\x08\x00\x00\x00\x00\x06\x00\x00\x00\x04Aut\
o\x07\x00\x00\x00\x0aCropDialog\
\x01\x03\x00\x00\x00\x0a\x00K\x00r\x00e\x00i\x00s\
\x08\x00\x00\x00\x00\x06\x00\x00\x00\x06Circle\
\x07\x00\x00\x00\x0aCropDialog\x01\
\x03\x00\x00\x00\x16\x00Z\x00u\x00s\x00c\x00h\x00\
n\x00e\x00i\x00d\x00e\x00n\x08\x00\x00\x00\x00\
\x06\x00\x00\x00\x04Crop\x07\x00\x00\x00\x0aCr\
opDialog\x01\x03\x00\x00\x00\x08\x00H\
\x00\xf6\x00h\x00e\x08\x00\x00\x00\x00\x06\x00\x00\x00\x06\
Height\x07\x00\x00\x00\x0aCropD\
ialog\x01\x03\x00\x00\x00\x0e\x00Q\x00u\x00\
a\x00d\x00r\x00a\x00t\x08\x00\x00\x00\x00\x06\x00\
\x00\x00\x04Quad\x07\x00\x00\x00\x0aCrop\
Dialog\x01\x03\x00\x00\x00\x10\x00R\x00e\
\x00c\x00h\x00t\x00e\x00c\x00k\x08\x00\x00\x00\
\x00\x06\x00\x00\x00\x04Rect\x07\x00\x00\x00\x0aC\
ropDialog\x01\x03\x00\x00\x00\x0c\x00\
B\x00r\x00e\x00i\x00t\x00e\x08\x00\x00\x00\x00\
\x06\x00\x00\x00\x05Width\x07\x00\x00\x00\x0aC\
ropDialog\x01\x03\x00\x00\x00\x02\x00\
X\x08\x00\x00\x00\x00\x06\x00\x00\x00\x01X\x07\x00\x00\x00\
\x0aCropDialog\x01\x03\x00\x00\x00\
\x04\x00X\x001\x08\x00\x00\x00\x00\x06\x00\x00\x00\x02X\
1\x07\x00\x00\x00\x0aCropDialog\
\x01\x03\x00\x00\x00\x04\x00X\x002\x08\x00\x00\x00\x00\x06\
\x00\x00\x00\x02X2\x07\x00\x00\x00\x0aCropD\
ialog\x01\x03\x00\x00\x00\x04\x00X\x003\x08\
\x00\x00\x00\x00\x06\x00\x00\x00\x02X3\x07\x00\x00\x00\x0a\
CropDialog\x01\x03\x00\x00\x00\x04\
\x00X\x004\x08\x00\x00\x00\x00\x06\x00\x00\x00\x02X4\
\x07\x00\x00\x00\x0aCropDialog\x01\
\x03\x00\x00\x00\x02\x00Y\x08\x00\x00\x00\x00\x06\x00\x00\x00\
\x01Y\x07\x00\x00\x00\x0aCropDialo\
g\x01\x03\x00\x00\x00\x04\x00Y\x001\x08\x00\x00\x00\x00\
\x06\x00\x00\x00\x02Y1\x07\x00\x00\x00\x0aCrop\
Dialog\x01\x03\x00\x00\x00\x04\x00Y\x002\
\x08\x00\x00\x00\x00\x06\x00\x00\x00\x02Y2\x07\x00\x00\x00\
\x0aCropDialog\x01\x03\x00\x00\x00\
\x04\x00Y\x003\x08\x00\x00\x00\x00\x06\x00\x00\x00\x02Y\
3\x07\x00\x00\x00\x0aCropDialog\
\x01\x03\x00\x00\x00\x04\x00Y\x004\x08\x00\x00\x00\x00\x06\
\x00\x00\x00\x02Y4\x07\x00\x00\x00\x0aCropD\
ialog\x01\x03\x00\x00\x00\x1e\x00S\x00p\x00\
e\x00i\x00c\x00h\x00e\x00r\x00n\x00 \x00\
u\x00n\x00t\x00e\x00r\x08\x00\x00\x00\x00\x06\x00\
\x00\x00\x07Save as\x07\x00\x00\x00\x0fG\
etSaveFileName\x01\x03\
\x00\x00\x00\x16\x00&\x00B\x00e\x00a\x00r\x00b\
\x00e\x00i\x00t\x00e\x00n\x08\x00\x00\x00\x00\x06\
\x00\x00\x00\x05&Edit\x07\x00\x00\x00\x11Im\
ageEditorDialog\x01\
\x03\x00\x00\x00\x0c\x00&\x00D\x00a\x00t\x00e\x00\
i\x08\x00\x00\x00\x00\x06\x00\x00\x00\x05&File\
\x07\x00\x00\x00\x11ImageEditor\
Dialog\x01\x03\x00\x00\x00(\x00&\x00A\
\x00n\x00 \x00F\x00e\x00n\x00s\x00t\x00e\
\x00r\x00 \x00a\x00n\x00p\x00a\x00s\x00s\
\x00e\x00n\x08\x00\x00\x00\x00\x06\x00\x00\x00\x0e&F\
it to Window\x07\x00\x00\x00\
\x11ImageEditorDial\
og\x01\x03\x00\x00\x00\x18\x00&\x00N\x00o\x00r\
\x00m\x00a\x00l\x00g\x00r\x00\xf6\x00\xdf\x00e\
\x08\x00\x00\x00\x00\x06\x00\x00\x00\x0c&Norma\
l Size\x07\x00\x00\x00\x11Image\
EditorDialog\x01\x03\x00\x00\
\x00\x14\x00\xd6\x00&\x00f\x00f\x00n\x00e\x00n\
\x00.\x00.\x00.\x08\x00\x00\x00\x00\x06\x00\x00\x00\x08\
&Open...\x07\x00\x00\x00\x11Ima\
geEditorDialog\x01\x03\
\x00\x00\x00&\x00&\x00S\x00p\x00e\x00i\x00c\
\x00h\x00e\x00r\x00n\x00 \x00u\x00n\x00t\
\x00e\x00r\x00.\x00.\x00.\x08\x00\x00\x00\x00\x06\
\x00\x00\x00\x0b&Save As...\x07\
\x00\x00\x00\x11ImageEditorD\
ialog\x01\x03\x00\x00\x00\x10\x00&\x00A\x00\
n\x00s\x00e\x00h\x00e\x00n\x08\x00\x00\x00\x00\
\x06\x00\x00\x00\x05&View\x07\x00\x00\x00\x11I\
mageEditorDialog\
\x01\x03\x00\x00\x00.\x00A\x00u\x00t\x00o\x00m\
\x00a\x00t\x00i\x00s\x00c\x00h\x00 \x00z\
\x00u\x00s\x00c\x00h\x00n\x00e\x00i\x00d\
\x00e\x00n\x08\x00\x00\x00\x00\x06\x00\x00\x00\x08Au\
tocrop\x07\x00\x00\x00\x11Image\
EditorDialog\x01\x03\x00\x00\
\x00\x22\x00A\x00n\x00z\x00e\x00i\x00g\x00e\
\x00 \x00i\x00m\x00 \x00V\x00i\x00e\x00w\
\x00e\x00r\x08\x00\x00\x00\x00\x06\x00\x00\x00\x10Br\
owse in viewer\x07\x00\
\x00\x00\x11ImageEditorDi\
alog\x01\x03\x00\x00\x00\x0c\x00K\x00a\x00m\
\x00e\x00r\x00a\x08\x00\x00\x00\x00\x06\x00\x00\x00\x06\
Camera\x07\x00\x00\x00\x11Image\
EditorDialog\x01\x03\x00\x00\
\x00\x1a\x00K\x00a\x00m\x00e\x00r\x00a\x00-\
\x00F\x00e\x00h\x00l\x00e\x00r\x08\x00\x00\x00\
\x00\x06\x00\x00\x00\x0cCamera Err\
or\x07\x00\x00\x00\x11ImageEdit\
orDialog\x01\x03\x00\x00\x00\x12\x00A\
\x00b\x00b\x00r\x00e\x00c\x00h\x00e\x00n\
\x08\x00\x00\x00\x00\x06\x00\x00\x00\x06Cancel\
\x07\x00\x00\x00\x11ImageEditor\
Dialog\x01\x03\x00\x00\x00\x96\x00D\x00i\
\x00e\x00 \x00a\x00u\x00f\x00g\x00e\x00n\
\x00o\x00m\x00m\x00e\x00n\x00e\x00n\x00 \
\x00D\x00a\x00t\x00e\x00n\x00 \x00l\x00i\
\x00e\x00g\x00e\x00n\x00 \x00n\x00i\x00c\
\x00h\x00t\x00 \x00i\x00n\x00 \x00e\x00i\
\x00n\x00e\x00m\x00 \x00u\x00n\x00t\x00e\
\x00r\x00s\x00t\x00\xfc\x00t\x00z\x00t\x00e\
\x00n\x00 \x00B\x00i\x00l\x00d\x00f\x00o\
\x00r\x00m\x00a\x00t\x00 \x00v\x00o\x00r\
\x00.\x08\x00\x00\x00\x00\x06\x00\x00\x00'Capt\
ured data is not\
 a supported ima\
ge.\x07\x00\x00\x00\x11ImageEdi\
torDialog\x01\x03\x00\x00\x000\x00\
B\x00i\x00l\x00d\x00 \x00w\x00i\x00r\x00\
d\x00 \x00a\x00u\x00f\x00g\x00e\x00n\x00\
o\x00m\x00m\x00e\x00n\x00.\x00.\x00.\x08\
\x00\x00\x00\x00\x06\x00\x00\x00\x12Capturi\
ng image...\x07\x00\x00\x00\x11\
ImageEditorDialo\
g\x01\x03\x00\x00\x00\x10\x00K\x00o\x00p\x00i\x00\
e\x00r\x00e\x00n\x08\x00\x00\x00\x00\x06\x00\x00\x00\
\x04Copy\x07\x00\x00\x00\x11ImageE\
ditorDialog\x01\x03\x00\x00\x00\
\x16\x00Z\x00u\x00s\x00c\x00h\x00n\x00e\x00\
i\x00d\x00e\x00n\x08\x00\x00\x00\x00\x06\x00\x00\x00\
\x07Crop...\x07\x00\x00\x00\x11Ima\
geEditorDialog\x01\x03\
\x00\x00\x000\x00L\x00i\x00n\x00k\x00e\x00 \
\x00H\x00\xe4\x00l\x00f\x00t\x00e\x00 \x00a\
\x00b\x00s\x00c\x00h\x00n\x00e\x00i\x00d\
\x00e\x00n\x08\x00\x00\x00\x00\x06\x00\x00\x00\x0dCu\
t left half\x07\x00\x00\x00\x11\
ImageEditorDialo\
g\x01\x03\x00\x00\x002\x00R\x00e\x00c\x00h\x00\
t\x00e\x00 \x00H\x00\xe4\x00l\x00f\x00t\x00\
e\x00 \x00a\x00b\x00s\x00c\x00h\x00n\x00\
e\x00i\x00d\x00e\x00n\x08\x00\x00\x00\x00\x06\x00\
\x00\x00\x0eCut right hal\
f\x07\x00\x00\x00\x11ImageEdito\
rDialog\x01\x03\x00\x00\x00&\x00N\x00\
i\x00c\x00h\x00t\x00 \x00m\x00e\x00h\x00\
r\x00 \x00a\x00n\x00z\x00e\x00i\x00g\x00\
e\x00n\x08\x00\x00\x00\x00\x06\x00\x00\x00\x15Don\
't show this aga\
in\x07\x00\x00\x00\x11ImageEdit\
orDialog\x01\x03\x00\x00\x00\x1a\x00H\
\x00e\x00r\x00u\x00n\x00t\x00e\x00r\x00l\
\x00a\x00d\x00e\x00n\x08\x00\x00\x00\x00\x06\x00\x00\
\x00\x0bDownloading\x07\x00\x00\
\x00\x11ImageEditorDia\
log\x01\x03\x00\x00\x00\x10\x00&\x00B\x00e\x00\
e\x00n\x00d\x00e\x00n\x08\x00\x00\x00\x00\x06\x00\
\x00\x00\x05E&xit\x07\x00\x00\x00\x11Ima\
geEditorDialog\x01\x03\
\x00\x00\x00\x10\x00V\x00o\x00l\x00l\x00b\x00i\
\x00l\x00d\x08\x00\x00\x00\x00\x06\x00\x00\x00\x0bFu\
ll Screen\x07\x00\x00\x00\x11Im\
ageEditorDialog\x01\
\x03\x00\x00\x00\x1c\x00B\x00i\x00l\x00d\x00b\x00\
e\x00a\x00r\x00b\x00e\x00i\x00t\x00e\x00\
r\x08\x00\x00\x00\x00\x06\x00\x00\x00\x0cImage\
 editor\x07\x00\x00\x00\x11Imag\
eEditorDialog\x01\x03\x00\
\x00\x00\x5c\x00D\x00a\x00s\x00 \x00B\x00i\x00\
l\x00d\x00 \x00w\x00u\x00r\x00d\x00e\x00\
 \x00g\x00e\x00\xe4\x00n\x00d\x00e\x00r\x00\
t\x00.\x00 \x00\xc4\x00n\x00d\x00e\x00r\x00\
u\x00n\x00g\x00e\x00n\x00 \x00s\x00p\x00\
e\x00i\x00c\x00h\x00e\x00r\x00n\x00?\x08\
\x00\x00\x00\x00\x06\x00\x00\x00 Image w\
as changed. Save\
 changes?\x07\x00\x00\x00\x11Im\
ageEditorDialog\x01\
\x03\x00\x00\x00\x14\x00N\x00a\x00v\x00i\x00g\x00\
a\x00t\x00i\x00o\x00n\x08\x00\x00\x00\x00\x06\x00\
\x00\x00\x0aNavigation\x07\x00\x00\
\x00\x11ImageEditorDia\
log\x01\x03\x00\x00\x00\x1a\x00N\x00\xe4\x00c\x00\
h\x00s\x00t\x00e\x00s\x00 \x00B\x00i\x00\
l\x00d\x08\x00\x00\x00\x00\x06\x00\x00\x00\x0aNex\
t image\x07\x00\x00\x00\x11Imag\
eEditorDialog\x01\x03\x00\
\x00\x00 \x00N\x00\xe4\x00c\x00h\x00s\x00t\x00\
e\x00r\x00 \x00E\x00i\x00n\x00t\x00r\x00\
a\x00g\x08\x00\x00\x00\x00\x06\x00\x00\x00\x0bNex\
t record\x07\x00\x00\x00\x11Ima\
geEditorDialog\x01\x03\
\x00\x00\x00\xc8\x00K\x00e\x00i\x00n\x00e\x00 \
\x00l\x00i\x00b\x00g\x00p\x00h\x00o\x00t\
\x00o\x002\x00-\x00K\x00a\x00m\x00e\x00r\
\x00a\x00 \x00k\x00o\x00n\x00f\x00i\x00g\
\x00u\x00r\x00i\x00e\x00r\x00t\x00.\x00 \
\x00\xd6\x00f\x00f\x00n\x00e\x00n\x00 \x00S\
\x00i\x00e\x00  \x1e\x00K\x00a\x00m\x00e\
\x00r\x00a\x00 \x00(\x00l\x00i\x00b\x00g\
\x00p\x00h\x00o\x00t\x00o\x002\x00) \x1c\
\x00,\x00 \x00u\x00m\x00 \x00e\x00i\x00n\
\x00e\x00 \x00K\x00a\x00m\x00e\x00r\x00a\
\x00 \x00e\x00i\x00n\x00z\x00u\x00r\x00i\
\x00c\x00h\x00t\x00e\x00n\x00.\x08\x00\x00\x00\
\x00\x06\x00\x00\x00NNo libgpho\
to2 camera is co\
nfigured. Open C\
amera (libgphoto\
2) to configure \
one.\x07\x00\x00\x00\x11ImageEd\
itorDialog\x01\x03\x00\x00\x00\x18\
\x00D\x00a\x00t\x00e\x00i\x00 \x00\xf6\x00f\
\x00f\x00n\x00e\x00n\x08\x00\x00\x00\x00\x06\x00\x00\
\x00\x09Open File\x07\x00\x00\x00\x11\
ImageEditorDialo\
g\x01\x03\x00\x00\x00\x10\x00E\x00i\x00n\x00f\x00\
\xfc\x00g\x00e\x00n\x08\x00\x00\x00\x00\x06\x00\x00\x00\
\x05Paste\x07\x00\x00\x00\x11Image\
EditorDialog\x01\x03\x00\x00\
\x00\x1e\x00V\x00o\x00r\x00h\x00e\x00r\x00i\
\x00g\x00e\x00s\x00 \x00B\x00i\x00l\x00d\
\x08\x00\x00\x00\x00\x06\x00\x00\x00\x0ePrevio\
us image\x07\x00\x00\x00\x11Ima\
geEditorDialog\x01\x03\
\x00\x00\x00$\x00V\x00o\x00r\x00h\x00e\x00r\
\x00i\x00g\x00e\x00r\x00 \x00E\x00i\x00n\
\x00t\x00r\x00a\x00g\x08\x00\x00\x00\x00\x06\x00\x00\
\x00\x0fPrevious recor\
d\x07\x00\x00\x00\x11ImageEdito\
rDialog\x01\x03\x00\x00\x00\x22\x00W\x00\
i\x00e\x00d\x00e\x00r\x00h\x00e\x00r\x00\
s\x00t\x00e\x00l\x00l\x00u\x00n\x00g\x08\
\x00\x00\x00\x00\x06\x00\x00\x00\x04Redo\x07\x00\x00\
\x00\x11ImageEditorDia\
log\x01\x03\x00\x00\x00*\x00H\x00i\x00n\x00\
t\x00e\x00r\x00g\x00r\x00u\x00n\x00d\x00\
 \x00e\x00n\x00t\x00f\x00e\x00r\x00n\x00\
e\x00n\x08\x00\x00\x00\x00\x06\x00\x00\x00\x11Rem\
ove background\x07\x00\
\x00\x00\x11ImageEditorDi\
alog\x01\x03\x00\x00\x00\x18\x00L\x00i\x00n\
\x00k\x00s\x00d\x00r\x00e\x00h\x00u\x00n\
\x00g\x08\x00\x00\x00\x00\x06\x00\x00\x00\x0eRota\
te to Left\x07\x00\x00\x00\x11I\
mageEditorDialog\
\x01\x03\x00\x00\x00\x1a\x00R\x00e\x00c\x00h\x00t\
\x00s\x00d\x00r\x00e\x00h\x00u\x00n\x00g\
\x08\x00\x00\x00\x00\x06\x00\x00\x00\x0fRotate\
 to Right\x07\x00\x00\x00\x11Im\
ageEditorDialog\x01\
\x03\x00\x00\x00\x12\x00D\x00r\x00e\x00h\x00e\x00\
n\x00.\x00.\x00.\x08\x00\x00\x00\x00\x06\x00\x00\x00\
\x09Rotate...\x07\x00\x00\x00\x11I\
mageEditorDialog\
\x01\x03\x00\x00\x00\x12\x00S\x00p\x00e\x00i\x00c\
\x00h\x00e\x00r\x00n\x08\x00\x00\x00\x00\x06\x00\x00\
\x00\x04Save\x07\x00\x00\x00\x11Image\
EditorDialog\x01\x03\x00\x00\
\x00N\x00\xc4\x00n\x00d\x00e\x00r\x00u\x00n\
\x00g\x00e\x00n\x00 \x00i\x00m\x00 \x00a\
\x00k\x00t\x00u\x00e\x00l\x00l\x00e\x00n\
\x00 \x00B\x00i\x00l\x00d\x00 \x00s\x00p\
\x00e\x00i\x00c\x00h\x00e\x00r\x00n\x00?\
\x08\x00\x00\x00\x00\x06\x00\x00\x00\x1eSave c\
hanges to curren\
t image?\x07\x00\x00\x00\x11Ima\
geEditorDialog\x01\x03\
\x00\x00\x00 \x00E\x00i\x00n\x00s\x00t\x00e\
\x00l\x00l\x00u\x00n\x00g\x00e\x00n\x00.\
\x00.\x00.\x08\x00\x00\x00\x00\x06\x00\x00\x00\x0bSe\
ttings...\x07\x00\x00\x00\x11Im\
ageEditorDialog\x01\
\x03\x00\x00\x00\x22\x00B\x00i\x00l\x00d\x00l\x00\
a\x00u\x00f\x00 \x00a\x00n\x00z\x00e\x00\
i\x00g\x00e\x00n\x08\x00\x00\x00\x00\x06\x00\x00\x00\
\x11Show Scroll Pan\
el\x07\x00\x00\x00\x11ImageEdit\
orDialog\x01\x03\x00\x00\x00$\x00Z\
\x00e\x00i\x00g\x00e\x00 \x00S\x00t\x00a\
\x00t\x00u\x00s\x00l\x00e\x00i\x00s\x00t\
\x00e\x08\x00\x00\x00\x00\x06\x00\x00\x00\x0fShow\
 Status Bar\x07\x00\x00\x00\x11\
ImageEditorDialo\
g\x01\x03\x00\x00\x00(\x00Z\x00e\x00i\x00g\x00\
e\x00 \x00W\x00e\x00r\x00k\x00z\x00e\x00\
u\x00g\x00l\x00e\x00i\x00s\x00t\x00e\x08\
\x00\x00\x00\x00\x06\x00\x00\x00\x0dShow To\
ol Bar\x07\x00\x00\x00\x11Image\
EditorDialog\x01\x03\x00\x00\
\x00\x14\x00R\x00\xfc\x00c\x00k\x00g\x00\xe4\x00n\
\x00g\x00i\x00g\x08\x00\x00\x00\x00\x06\x00\x00\x00\x04\
Undo\x07\x00\x00\x00\x11ImageEd\
itorDialog\x01\x03\x00\x00\x00\x22\
\x00&\x00V\x00e\x00r\x00g\x00r\x00\xf6\x00\xdf\
\x00e\x00r\x00n\x00 \x00(\x002\x005\x00%\
\x00)\x08\x00\x00\x00\x00\x06\x00\x00\x00\x0eZoom\
 &In (25%)\x07\x00\x00\x00\x11I\
mageEditorDialog\
\x01\x03\x00\x00\x00$\x00&\x00V\x00e\x00r\x00k\
\x00l\x00e\x00i\x00n\x00e\x00r\x00n\x00 \
\x00(\x002\x005\x00%\x00)\x08\x00\x00\x00\x00\x06\
\x00\x00\x00\x0fZoom &Out (2\
5%)\x07\x00\x00\x00\x11ImageEdi\
torDialog\x01\x03\x00\x00\x00\x5c\x00\
D\x00a\x00s\x00 \x00B\x00i\x00l\x00d\x00\
 \x00w\x00u\x00r\x00d\x00e\x00 \x00g\x00\
e\x00\xe4\x00n\x00d\x00e\x00r\x00t\x00.\x00\
 \x00\xc4\x00n\x00d\x00e\x00r\x00u\x00n\x00\
g\x00e\x00n\x00 \x00s\x00p\x00e\x00i\x00\
c\x00h\x00e\x00r\x00n\x00?\x08\x00\x00\x00\x00\
\x06\x00\x00\x00 Image was c\
hanged. Save cha\
nges?\x07\x00\x00\x00\x11ImageE\
ditorWindow\x01\x03\x00\x00\x00\
\x1a\x00O\x00r\x00d\x00n\x00e\x00r\x00 \x00\
\xf6\x00f\x00f\x00n\x00e\x00n\x08\x00\x00\x00\x00\
\x06\x00\x00\x00\x0eOpen folder\
...\x07\x00\x00\x00\x11ImageEdi\
torWindow\x01\x03\x00\x00\x00\x22\x00\
B\x00i\x00l\x00d\x00o\x00r\x00d\x00n\x00\
e\x00r\x00 \x00\xf6\x00f\x00f\x00n\x00e\x00\
n\x08\x00\x00\x00\x00\x06\x00\x00\x00\x11Open \
image folder\x07\x00\x00\x00\
\x11ImageEditorWind\
ow\x01\x03\x00\x00\x00\x12\x00S\x00p\x00e\x00i\
\x00c\x00h\x00e\x00r\x00n\x08\x00\x00\x00\x00\x06\
\x00\x00\x00\x04Save\x07\x00\x00\x00\x11Ima\
geEditorWindow\x01\x03\
\x00\x00\x00\x16\x00P\x00e\x00r\x00s\x00p\x00e\
\x00k\x00t\x00i\x00v\x00e\x08\x00\x00\x00\x00\x06\
\x00\x00\x00\x05Angle\x07\x00\x00\x00\x0cRo\
tateDialog\x01\x03\x00\x00\x00\x22\
\x00A\x00u\x00t\x00o\x00-\x00C\x00r\x00o\
\x00p\x00-\x00S\x00c\x00h\x00n\x00i\x00t\
\x00t\x08\x00\x00\x00\x00\x06\x00\x00\x00\x09Auto\
 crop\x07\x00\x00\x00\x0cRotate\
Dialog\x01\x03\x00\x00\x00\x0c\x00D\x00r\
\x00e\x00h\x00e\x00n\x08\x00\x00\x00\x00\x06\x00\x00\
\x00\x06Rotate\x07\x00\x00\x00\x0cRot\
ateDialog\x01\x03\x00\x00\x00\x1e\x00\
R\x00a\x00s\x00t\x00e\x00r\x00 \x00a\x00\
n\x00z\x00e\x00i\x00g\x00e\x00n\x08\x00\x00\
\x00\x00\x06\x00\x00\x00\x09Show grid\
\x07\x00\x00\x00\x0cRotateDialo\
g\x01\x03\x00\x00\x00F\x00K\x00I\x00-\x00M\x00\
o\x00d\x00e\x00l\x00l\x00 \x00z\x00u\x00\
r\x00 \x00H\x00i\x00n\x00t\x00e\x00r\x00\
g\x00r\x00u\x00n\x00d\x00e\x00n\x00t\x00\
f\x00e\x00r\x00n\x00u\x00n\x00g\x08\x00\x00\
\x00\x00\x06\x00\x00\x00\x1bBackgroun\
d remover AI mod\
el\x07\x00\x00\x00\x0eSettingsD\
ialog\x01\x03\x00\x00\x00L\x00Z\x00u\x00\
s\x00c\x00h\x00n\x00e\x00i\x00d\x00e\x00\
n\x00 \x00n\x00a\x00c\x00h\x00 \x00H\x00\
i\x00n\x00t\x00e\x00r\x00g\x00r\x00u\x00\
n\x00d\x00e\x00n\x00t\x00f\x00e\x00r\x00\
n\x00u\x00n\x00g\x08\x00\x00\x00\x00\x06\x00\x00\x00\
\x1dCrop after back\
ground remover\x07\x00\
\x00\x00\x0eSettingsDialo\
g\x01\x03\x00\x00\x00\x1a\x00E\x00i\x00n\x00s\x00\
t\x00e\x00l\x00l\x00u\x00n\x00g\x00e\x00\
n\x08\x00\x00\x00\x00\x06\x00\x00\x00\x08Setti\
ngs\x07\x00\x00\x00\x0eSettings\
Dialog\x01\x03\x00\x00\x00:\x00H\x00i\
\x00n\x00t\x00e\x00r\x00g\x00r\x00u\x00n\
\x00d\x00f\x00a\x00r\x00b\x00e\x00 \x00d\
\x00e\x00s\x00 \x00F\x00e\x00n\x00s\x00t\
\x00e\x00r\x00s\x08\x00\x00\x00\x00\x06\x00\x00\x00\x17\
Window backgroun\
d color\x07\x00\x00\x00\x0eSett\
ingsDialog\x01\x03\x00\x00\x00\x0a\
\x00F\x00a\x00r\x00b\x00e\x08\x00\x00\x00\x00\x06\
\x00\x00\x00\x05Color\x07\x00\x00\x00\x14Wi\
ndowSettingsDial\
og\x01\x03\x00\x00\x00*\x00B\x00i\x00l\x00d\
\x00 \x00H\x00i\x00n\x00t\x00e\x00r\x00g\
\x00r\x00u\x00n\x00d\x00f\x00a\x00r\x00b\
\x00e\x08\x00\x00\x00\x00\x06\x00\x00\x00\x16Imag\
e background col\
or\x07\x00\x00\x00\x14WindowSet\
tingsDialog\x01\x03\x00\x00\x00\
\x18\x00D\x00u\x00r\x00c\x00h\x00s\x00i\x00\
c\x00h\x00t\x00i\x00g\x08\x00\x00\x00\x00\x06\x00\
\x00\x00\x0bTransparent\x07\x00\
\x00\x00\x14WindowSetting\
sDialog\x01\x03\x00\x00\x00$\x00A\x00\
l\x00l\x00e\x00 \x00D\x00a\x00t\x00e\x00\
i\x00e\x00n\x00 \x00(\x00*\x00.\x00*\x00\
)\x08\x00\x00\x00\x00\x06\x00\x00\x00\x0fAll f\
iles (*.*)\x07\x00\x00\x00\x10r\
eadImageFilters\x01\
\x03\x00\x00\x00\x16\x00B\x00i\x00l\x00d\x00e\x00\
r\x00 \x00(\x00%\x00s\x00)\x08\x00\x00\x00\x00\
\x06\x00\x00\x00\x0bImages (%s)\
\x07\x00\x00\x00\x10readImageFi\
lters\x01\x03\x00\x00\x00$\x00A\x00l\x00\
l\x00e\x00 \x00D\x00a\x00t\x00e\x00i\x00\
e\x00n\x00 \x00(\x00*\x00.\x00*\x00)\x08\
\x00\x00\x00\x00\x06\x00\x00\x00\x0fAll fil\
es (*.*)\x07\x00\x00\x00\x10sav\
eImageFilters\x01\x88\x00\
\x00\x00\x02\x01\x01\
\x00\x00*\x83\
<\
\xb8d\x18\xca\xef\x9c\x95\xcd!\x1c\xbf`\xa1\xbd\xdd\xa7\
\x00\x00\x00\x02ruB\x00\x00\x03h\x00\x00\x00X\x00\
\x00\x0e\x1a\x00\x00\x00Y\x00\x00\x0e\xd0\x00\x00\x05\xb1\x00\
\x00\x0e<\x00\x00\x05\xb2\x00\x00\x0ea\x00\x00\x05\xb3\x00\
\x00\x0e\x86\x00\x00\x05\xb4\x00\x00\x0e\xab\x00\x00\x05\xc1\x00\
\x00\x0e\xf2\x00\x00\x05\xc2\x00\x00\x0f\x17\x00\x00\x05\xc3\x00\
\x00\x0f<\x00\x00\x05\xc4\x00\x00\x0fa\x00\x04\x8c\xaf\x00\
\x00\x0c\xb0\x00\x04\xa6y\x00\x00\x14F\x00\x04\xa9`\x00\
\x00\x0d\x08\x00\x05\x8bt\x00\x00\x0dl\x00\x05\x8b\xa4\x00\
\x00\x0d\xad\x00\x05\x8b\xaf\x00\x00\x1c@\x00\x05\x98\xc5\x00\
\x00\x1d\xb3\x00\x05\x98\xc5\x00\x00\x22S\x00\x05\xc4\xaf\x00\
\x00 \x09\x00\x105\xbe\x00\x00\x04\xfa\x00\x17\xac\xbe\x00\
\x00\x1e\x81\x00*\xbb\x04\x00\x00\x0f\xcb\x00*\xd0%\x00\
\x00\x10\x04\x00+\xcf\xc7\x00\x00\x11n\x00G\xdf\x04\x00\
\x00\x17\x22\x00HN%\x00\x00\x22\x8f\x00Jcb\x00\
\x00%\x0d\x00V\x8a\xa5\x00\x00\x1bN\x00Y\xf6d\x00\
\x00\x01N\x00Y\xf6d\x00\x00\x09\xc6\x00]\xfb\xa8\x00\
\x00\x0d\xea\x00\x81;\xb2\x00\x00!\xda\x01I\xcc\x12\x00\
\x00$\xb7\x01S\xba\x83\x00\x00\x17Y\x01\x80\x912\x00\
\x00$\x02\x01\xcdQN\x00\x00\x03'\x02X\xa3\xd3\x00\
\x00\x07\x98\x02\xda\xb7>\x00\x00\x08\x81\x02\xe1x\xce\x00\
\x00\x02-\x03\x01mV\x00\x00\x15(\x03\x16Jn\x00\
\x00\x15\x8c\x03\x1c\xc2\x17\x00\x00\x15\xef\x03VG>\x00\
\x00\x073\x03\xa0D\xef\x00\x00\x1d\xef\x03\xbax\x12\x00\
\x00\x18\x0c\x03\xd9\x80\xd9\x00\x00 \x95\x03\xe7H\x1c\x00\
\x00#\x8e\x04l;N\x00\x00!\x82\x04\x98<\x81\x00\
\x00\x12U\x04\x98I\xbc\x00\x00\x12\xd9\x04\xa0\x8a%\x00\
\x00\x0c\xdb\x04\xeb\xfd\xf4\x00\x00\x0d;\x04\xfeM\x9e\x00\
\x00\x13\x11\x05Q\x0a5\x00\x00\x10\x89\x05\x96\xa8\xa5\x00\
\x00#\x13\x05\xd7I^\x00\x00\x17\xc1\x06k{%\x00\
\x00\x19B\x06l\x13\xbe\x00\x00\x10\xd9\x06t{\x89\x00\
\x00 C\x06\x96\xb1\x04\x00\x00#H\x06\xf0\xf7N\x00\
\x00\x0c\x00\x07! \xe5\x00\x00\x04\x05\x07c\xd9\xce\x00\
\x00\x11\x1d\x07\xa0\x96\xd6\x00\x00\x14\xc7\x07\xd4\xa5\xe2\x00\
\x00\x00\x00\x07\xd4\xa5\xe2\x00\x00\x01\xe0\x07\xd4\xa5\xe2\x00\
\x00\x12\x8d\x07\xdfi\xe4\x00\x00\x19\x9c\x08\x186\x1f\x00\
\x00\x18f\x08\x186\x1f\x00\x00 \xe8\x08!\xcb\x99\x00\
\x00\x16\x9f\x08\xda4\xd7\x00\x00\x109\x09K\xbbT\x00\
\x00\x08\xf4\x09\x5c:\xa2\x00\x00\x11\xe5\x09\x8cv\xd3\x00\
\x00\x0f\x86\x09\xa1\xb6\xd5\x00\x00\x0b+\x0a3\x04\x04\x00\
\x00%\xac\x0az\x9d\x1e\x00\x00\x06\x10\x0a\x8a:n\x00\
\x00\x1dp\x0a\x961N\x00\x00\x14\x84\x0a\xb8\x99\xe5\x00\
\x00\x00G\x0a\xf6\xb3\xd2\x00\x00%C\x0b\x16\xe1\xa0\x00\
\x00\x22\xbd\x0bF\x1a)\x00\x00%\xf4\x0bF\x1a)\x00\
\x00&\x96\x0b[\xbdT\x00\x00\x1b\xe9\x0b\x96\x00\x0c\x00\
\x00\x1e\xca\x0b\xad\x83~\x00\x00\x08\x06\x0b\xb0\xd3^\x00\
\x00\x05{\x0b\xc4\xe5\x8e\x00\x00\x03\x9b\x0b\xd2\xd3$\x00\
\x00\x1d\x1b\x0c\x02\x9b\x89\x00\x00&F\x0c\x02\xb3#\x00\
\x00\x00\xa0\x0c\x04\x9aE\x00\x00\x1b\x07\x0cW\x8b\xee\x00\
\x00\x09\xfe\x0cW\x8e\xee\x00\x00\x19\xed\x0c\xb5\xad\xe0\x00\
\x00\x11\xa1\x0c\xbb\x01s\x00\x00$z\x0dP\xbb\xf2\x00\
\x00\x1f7\x0d\xa34e\x00\x00\x1b\x89\x0d\xa7\xa2\xd9\x00\
\x00\x01\x80\x0d\xa8\xde\x82\x00\x00\x1f\x9e\x0d\xbd\x894\x00\
\x00\x1c\xc9\x0d\xc70D\x00\x00\x1c|\x0f\x01\xaeN\x00\
\x00\x04\x97\x0f\x01\xaeN\x00\x00\x13\xe4\x0fA\xfd.\x00\
\x00\x06\xa1\x0f\xdd\xe8\x9e\x00\x00\x19\x00\x0f\xf2\x97\xf3\x00\
\x00\x164i\x00\x00&\xe8\x03\x00\x00\x00\x1a\x04\x1e\x04\
H\x048\x041\x04:\x040\x00 \x04:\x040\x04\
<\x045\x04@\x04K\x08\x00\x00\x00\x00\x06\x00\x00\x00\
\x0cCamera Error\x07\x00\x00\
\x00\x0cCameraDialog\x01\x03\
\x00\x00\x00$\x04\x1a\x040\x04<\x045\x04@\x040\
\x00 \x04=\x045\x00 \x044\x04>\x04A\x04B\
\x04C\x04?\x04=\x040\x08\x00\x00\x00\x00\x06\x00\x00\
\x00\x14Camera not ava\
ilable\x07\x00\x00\x00\x0cCamer\
aDialog\x01\x03\x00\x00\x00`\x04\x1a\x04\
0\x04<\x045\x04@\x040\x00 \x04=\x045\x00\
 \x044\x04>\x04A\x04B\x04C\x04?\x04=\x04\
0\x00 \x048\x04;\x048\x00 \x047\x040\x04\
1\x04;\x04>\x04:\x048\x04@\x04>\x042\x04\
0\x04=\x040\x00 \x040\x04=\x04B\x048\x04\
2\x048\x04@\x04C\x04A\x04>\x04<\x08\x00\x00\
\x00\x00\x06\x00\x00\x00-Camera no\
t available or d\
isabled by antiv\
irus\x07\x00\x00\x00\x0cCameraD\
ialog\x01\x03\x00\x00\x00\x0c\x04!\x04=\x04\
8\x04<\x04>\x04:\x08\x00\x00\x00\x00\x06\x00\x00\x00\
\x05Shoot\x07\x00\x00\x00\x0cCamer\
aDialog\x01\x03\x00\x00\x00&\x04\x1a\x04\
0\x04<\x045\x04@\x040\x00 \x00(\x00l\x00\
i\x00b\x00g\x00p\x00h\x00o\x00t\x00o\x00\
2\x00)\x08\x00\x00\x00\x00\x06\x00\x00\x00\x13Cam\
era (libgphoto2)\
\x07\x00\x00\x00\x12CameraGPhot\
oDialog\x01\x03\x00\x00\x00\x1a\x04\x1e\x04\
H\x048\x041\x04:\x040\x00 \x04:\x040\x04\
<\x045\x04@\x04K\x08\x00\x00\x00\x00\x06\x00\x00\x00\
\x0cCamera Error\x07\x00\x00\
\x00\x12CameraGPhotoDi\
alog\x01\x03\x00\x00\x00\x90\x04\x1a\x040\x04<\
\x045\x04@\x040\x00 \x04=\x045\x044\x04>\
\x04A\x04B\x04C\x04?\x04=\x040\x00;\x00 \
\x04>\x04B\x04>\x041\x04@\x040\x046\x040\
\x04N\x04B\x04A\x04O\x00 \x04A\x04>\x04E\
\x04@\x040\x04=\x04Q\x04=\x04=\x04K\x045\
\x00 \x04=\x040\x04A\x04B\x04@\x04>\x049\
\x04:\x048\x00.\x00 \x04!\x04J\x04Q\x04<\
\x04:\x040\x00 \x04>\x04B\x04:\x04;\x04N\
\x04G\x045\x04=\x040\x00.\x08\x00\x00\x00\x00\x06\
\x00\x00\x00CCamera is un\
available; showi\
ng saved setting\
s. Capture is di\
sabled.\x07\x00\x00\x00\x12Came\
raGPhotoDialog\x01\x03\
\x00\x00\x006\x04\x1d\x040\x04A\x04B\x04@\x04>\
\x049\x04:\x048\x00 \x04:\x040\x04<\x045\
\x04@\x04K\x00 \x047\x040\x043\x04@\x04C\
\x046\x045\x04=\x04K\x00.\x08\x00\x00\x00\x00\x06\
\x00\x00\x00\x17Camera setti\
ngs loaded.\x07\x00\x00\x00\x12\
CameraGPhotoDial\
og\x01\x03\x00\x00\x004\x04\x1d\x045\x00 \x04C\
\x044\x040\x04;\x04>\x04A\x04L\x00 \x04A\
\x044\x045\x04;\x040\x04B\x04L\x00 \x04A\
\x04=\x048\x04<\x04>\x04:\x00.\x08\x00\x00\x00\
\x00\x06\x00\x00\x00\x0fCapture fa\
iled.\x07\x00\x00\x00\x12Camera\
GPhotoDialog\x01\x03\x00\x00\
\x00T\x04!\x04J\x04Q\x04<\x04:\x040\x00 \
\x042\x00 \x04@\x045\x046\x048\x04<\x045\
\x00 \x04?\x04@\x045\x044\x042\x040\x04@\
\x048\x04B\x045\x04;\x04L\x04=\x04>\x043\
\x04>\x00 \x04?\x04@\x04>\x04A\x04<\x04>\
\x04B\x04@\x040\x08\x00\x00\x00\x00\x06\x00\x00\x00\x17\
Capture in previ\
ew mode\x07\x00\x00\x00\x12Came\
raGPhotoDialog\x01\x03\
\x00\x00\x00*\x04!\x04J\x04Q\x04<\x04:\x040\
\x00 \x048\x047\x04>\x041\x04@\x040\x046\
\x045\x04=\x048\x04O\x00.\x00.\x00.\x08\x00\
\x00\x00\x00\x06\x00\x00\x00\x12Capturin\
g image...\x07\x00\x00\x00\x12C\
ameraGPhotoDialo\
g\x01\x03\x00\x00\x00F\x04!\x04>\x047\x044\x04\
0\x04=\x048\x045\x00 \x04?\x04@\x045\x04\
4\x042\x040\x04@\x048\x04B\x045\x04;\x04\
L\x04=\x04>\x043\x04>\x00 \x04A\x04=\x04\
8\x04<\x04:\x040\x00.\x00.\x00.\x08\x00\x00\
\x00\x00\x06\x00\x00\x00\x14Capturing\
 preview...\x07\x00\x00\x00\x12\
CameraGPhotoDial\
og\x01\x03\x00\x00\x00N\x04\x1d\x045\x00 \x04C\
\x044\x040\x04;\x04>\x04A\x04L\x00 \x048\
\x04=\x048\x04F\x048\x040\x04;\x048\x047\
\x048\x04@\x04>\x042\x040\x04B\x04L\x00 \
\x00l\x00i\x00b\x00g\x00p\x00h\x00o\x00t\
\x00o\x002\x00.\x08\x00\x00\x00\x00\x06\x00\x00\x00 \
Could not initia\
lize libgphoto2.\
\x07\x00\x00\x00\x12CameraGPhot\
oDialog\x01\x03\x00\x00\x00L\x04\x1d\x04\
5\x00 \x04C\x044\x040\x04;\x04>\x04A\x04\
L\x00 \x04?\x04>\x042\x04B\x04>\x04@\x04\
=\x04>\x00 \x04>\x041\x04=\x040\x04@\x04\
C\x046\x048\x04B\x04L\x00 \x04:\x040\x04\
<\x045\x04@\x04K\x00.\x08\x00\x00\x00\x00\x06\x00\
\x00\x00\x1eCould not re-\
evaluate cameras\
.\x07\x00\x00\x00\x12CameraGPho\
toDialog\x01\x03\x00\x00\x00L\x04\x1d\
\x045\x00 \x04C\x044\x040\x04;\x04>\x04A\
\x04L\x00 \x04?\x04@\x04>\x04G\x048\x04B\
\x040\x04B\x04L\x00 \x04=\x040\x04A\x04B\
\x04@\x04>\x049\x04:\x048\x00 \x04:\x040\
\x04<\x045\x04@\x04K\x00.\x08\x00\x00\x00\x00\x06\
\x00\x00\x00\x1fCould not re\
ad camera settin\
gs.\x07\x00\x00\x00\x12CameraGP\
hotoDialog\x01\x03\x00\x00\x00*\
\x04\x1a\x040\x04<\x045\x04@\x04K\x00 \x04=\
\x045\x00 \x04>\x041\x04=\x040\x04@\x04C\
\x046\x045\x04=\x04K\x00.\x08\x00\x00\x00\x00\x06\
\x00\x00\x00\x14No cameras d\
etected.\x07\x00\x00\x00\x12Cam\
eraGPhotoDialog\x01\
\x03\x00\x00\x004\x04\x1f\x04>\x042\x04B\x04>\x04\
@\x04=\x04>\x00 \x04>\x041\x04=\x040\x04\
@\x04C\x046\x048\x04B\x04L\x00 \x04:\x04\
0\x04<\x045\x04@\x04K\x08\x00\x00\x00\x00\x06\x00\
\x00\x00\x13Re-evaluate c\
ameras\x07\x00\x00\x00\x12Camer\
aGPhotoDialog\x01\x03\x00\
\x00\x00<\x04\x1f\x04>\x042\x04B\x04>\x04@\x04\
=\x04>\x045\x00 \x04>\x041\x04=\x040\x04\
@\x04C\x046\x045\x04=\x048\x045\x00 \x04\
:\x040\x04<\x045\x04@\x00.\x00.\x00.\x08\
\x00\x00\x00\x00\x06\x00\x00\x00\x18Re-eval\
uating cameras..\
.\x07\x00\x00\x00\x12CameraGPho\
toDialog\x01\x03\x00\x00\x002\x04'\
\x04B\x045\x04=\x048\x045\x00 \x04=\x040\
\x04A\x04B\x04@\x04>\x045\x04:\x00 \x04:\
\x040\x04<\x045\x04@\x04K\x00.\x00.\x00.\
\x08\x00\x00\x00\x00\x06\x00\x00\x00\x1aReadin\
g camera setting\
s...\x07\x00\x00\x00\x12CameraG\
PhotoDialog\x01\x03\x00\x00\x00\
|\x04\x12\x04>\x04A\x04A\x04B\x040\x04=\x04\
0\x042\x04;\x048\x042\x040\x04B\x04L\x00\
 \x048\x04A\x04E\x04>\x044\x04=\x04>\x04\
5\x00 \x04<\x045\x04A\x04B\x04>\x00 \x04\
A\x04>\x04E\x04@\x040\x04=\x045\x04=\x04\
8\x04O\x00 \x04?\x04>\x04A\x04;\x045\x00\
 \x04:\x040\x046\x044\x04>\x043\x04>\x00\
 \x04A\x04=\x048\x04<\x04:\x040\x08\x00\x00\
\x00\x00\x06\x00\x00\x00/Restore o\
riginal capture \
target after eac\
h shot\x07\x00\x00\x00\x12Camer\
aGPhotoDialog\x01\x03\x00\
\x00\x00\x0c\x04!\x04=\x048\x04<\x04>\x04:\x08\
\x00\x00\x00\x00\x06\x00\x00\x00\x05Shoot\x07\x00\
\x00\x00\x12CameraGPhotoD\
ialog\x01\x03\x00\x00\x00\xbc\x04\x1e\x041\x04\
K\x04G\x04=\x040\x04O\x00 \x04A\x04J\x04\
Q\x04<\x04:\x040\x00 \x044\x04>\x04A\x04\
B\x04C\x04?\x04=\x040\x00 \x04B\x04>\x04\
;\x04L\x04:\x04>\x00 \x04?\x04@\x048\x00\
 \x042\x04K\x041\x04>\x04@\x045\x00 \x04\
2\x04=\x04C\x04B\x04@\x045\x04=\x04=\x04\
5\x049\x00 \x04?\x040\x04<\x04O\x04B\x04\
8\x00 \x00(\x00R\x00A\x00M\x00)\x00 \x04\
2\x00 \x04:\x040\x04G\x045\x04A\x04B\x04\
2\x045\x00 \x04<\x045\x04A\x04B\x040\x00\
 \x04A\x04>\x04E\x04@\x040\x04=\x045\x04\
=\x048\x04O\x00.\x08\x00\x00\x00\x00\x06\x00\x00\x00\
JStandard captur\
e is unavailable\
 unless an inter\
nal-RAM target i\
s selected.\x07\x00\x00\x00\x12\
CameraGPhotoDial\
og\x01\x03\x00\x00\x00\x84\x04\x1f\x04>\x04;\x04C\
\x04G\x045\x04=\x04=\x04K\x045\x00 \x044\
\x040\x04=\x04=\x04K\x045\x00 \x04=\x045\
\x00 \x04O\x042\x04;\x04O\x04N\x04B\x04A\
\x04O\x00 \x048\x047\x04>\x041\x04@\x040\
\x046\x045\x04=\x048\x045\x04<\x00 \x04?\
\x04>\x044\x044\x045\x04@\x046\x048\x042\
\x040\x045\x04<\x04>\x043\x04>\x00 \x04D\
\x04>\x04@\x04<\x040\x04B\x040\x08\x00\x00\x00\
\x00\x06\x00\x00\x00*The captur\
ed data is not a\
 supported image\
\x07\x00\x00\x00\x12CameraGPhot\
oDialog\x01\x03\x00\x00\x00\x5c\x04-\x04\
B\x040\x00 \x04:\x040\x04<\x045\x04@\x04\
0\x00 \x04=\x045\x00 \x04?\x04>\x044\x04\
4\x045\x04@\x046\x048\x042\x040\x045\x04\
B\x00 \x04A\x04J\x04Q\x04<\x04:\x04C\x00\
 \x048\x047\x04>\x041\x04@\x040\x046\x04\
5\x04=\x048\x049\x00.\x08\x00\x00\x00\x00\x06\x00\
\x00\x00-This camera d\
oes not advertis\
e image capture.\
\x07\x00\x00\x00\x12CameraGPhot\
oDialog\x01\x03\x00\x00\x00\x08\x04\x10\x04\
2\x04B\x04>\x08\x00\x00\x00\x00\x06\x00\x00\x00\x04A\
uto\x07\x00\x00\x00\x0aCropDial\
og\x01\x03\x00\x00\x00\x08\x04\x1a\x04@\x04C\x043\
\x08\x00\x00\x00\x00\x06\x00\x00\x00\x06Circle\
\x07\x00\x00\x00\x0aCropDialog\x01\
\x03\x00\x00\x00\x10\x04\x1e\x041\x04@\x045\x047\x04\
0\x04B\x04L\x08\x00\x00\x00\x00\x06\x00\x00\x00\x04C\
rop\x07\x00\x00\x00\x0aCropDial\
og\x01\x03\x00\x00\x00\x0c\x04\x12\x04K\x04A\x04>\
\x04B\x040\x08\x00\x00\x00\x00\x06\x00\x00\x00\x06He\
ight\x07\x00\x00\x00\x0aCropDia\
log\x01\x03\x00\x00\x00\x1e\x04'\x045\x04B\x04\
K\x04@\x045\x04E\x04C\x043\x04>\x04;\x04\
L\x04=\x048\x04:\x08\x00\x00\x00\x00\x06\x00\x00\x00\
\x04Quad\x07\x00\x00\x00\x0aCropDi\
alog\x01\x03\x00\x00\x00\x1a\x04\x1f\x04@\x04O\
\x04<\x04>\x04C\x043\x04>\x04;\x04L\x04=\
\x048\x04:\x08\x00\x00\x00\x00\x06\x00\x00\x00\x04Re\
ct\x07\x00\x00\x00\x0aCropDialo\
g\x01\x03\x00\x00\x00\x0c\x04(\x048\x04@\x048\x04\
=\x040\x08\x00\x00\x00\x00\x06\x00\x00\x00\x05Wid\
th\x07\x00\x00\x00\x0aCropDialo\
g\x01\x03\x00\x00\x00\x02\x00X\x08\x00\x00\x00\x00\x06\x00\
\x00\x00\x01X\x07\x00\x00\x00\x0aCropDia\
log\x01\x03\x00\x00\x00\x04\x00X\x001\x08\x00\x00\
\x00\x00\x06\x00\x00\x00\x02X1\x07\x00\x00\x00\x0aCr\
opDialog\x01\x03\x00\x00\x00\x04\x00X\
\x002\x08\x00\x00\x00\x00\x06\x00\x00\x00\x02X2\x07\x00\
\x00\x00\x0aCropDialog\x01\x03\x00\
\x00\x00\x04\x00X\x003\x08\x00\x00\x00\x00\x06\x00\x00\x00\
\x02X3\x07\x00\x00\x00\x0aCropDial\
og\x01\x03\x00\x00\x00\x04\x00X\x004\x08\x00\x00\x00\
\x00\x06\x00\x00\x00\x02X4\x07\x00\x00\x00\x0aCro\
pDialog\x01\x03\x00\x00\x00\x02\x00Y\x08\
\x00\x00\x00\x00\x06\x00\x00\x00\x01Y\x07\x00\x00\x00\x0aC\
ropDialog\x01\x03\x00\x00\x00\x04\x00\
Y\x001\x08\x00\x00\x00\x00\x06\x00\x00\x00\x02Y1\x07\
\x00\x00\x00\x0aCropDialog\x01\x03\
\x00\x00\x00\x04\x00Y\x002\x08\x00\x00\x00\x00\x06\x00\x00\
\x00\x02Y2\x07\x00\x00\x00\x0aCropDia\
log\x01\x03\x00\x00\x00\x04\x00Y\x003\x08\x00\x00\
\x00\x00\x06\x00\x00\x00\x02Y3\x07\x00\x00\x00\x0aCr\
opDialog\x01\x03\x00\x00\x00\x04\x00Y\
\x004\x08\x00\x00\x00\x00\x06\x00\x00\x00\x02Y4\x07\x00\
\x00\x00\x0aCropDialog\x01\x03\x00\
\x00\x00\x1a\x04!\x04>\x04E\x04@\x040\x04=\x04\
8\x04B\x04L\x00 \x04:\x040\x04:\x08\x00\x00\
\x00\x00\x06\x00\x00\x00\x07Save as\x07\x00\
\x00\x00\x0fGetSaveFileNa\
me\x01\x03\x00\x00\x00\x0e\x00&\x04\x1f\x04@\x040\
\x042\x04:\x040\x08\x00\x00\x00\x00\x06\x00\x00\x00\x05\
&Edit\x07\x00\x00\x00\x11ImageE\
ditorDialog\x01\x03\x00\x00\x00\
\x0a\x00&\x04$\x040\x049\x04;\x08\x00\x00\x00\x00\
\x06\x00\x00\x00\x05&File\x07\x00\x00\x00\x11I\
mageEditorDialog\
\x01\x03\x00\x00\x00\x1c\x04\x17\x040\x04?\x04>\x04;\
\x04=\x048\x04B\x04L\x00 \x04>\x04:\x04=\
\x04>\x08\x00\x00\x00\x00\x06\x00\x00\x00\x0e&Fit\
 to Window\x07\x00\x00\x00\x11I\
mageEditorDialog\
\x01\x03\x00\x00\x00\x1e\x04\x18\x04A\x04E\x04>\x044\
\x04=\x04K\x049\x00 \x04@\x040\x047\x04<\
\x045\x04@\x08\x00\x00\x00\x00\x06\x00\x00\x00\x0c&N\
ormal Size\x07\x00\x00\x00\x11I\
mageEditorDialog\
\x01\x03\x00\x00\x00\x16\x00&\x04\x1e\x04B\x04:\x04@\
\x04K\x04B\x04L\x00.\x00.\x00.\x08\x00\x00\x00\
\x00\x06\x00\x00\x00\x08&Open...\x07\x00\
\x00\x00\x11ImageEditorDi\
alog\x01\x03\x00\x00\x00 \x04!\x04>\x04E\
\x04@\x040\x04=\x048\x04B\x04L\x00 \x04:\
\x040\x04:\x00.\x00.\x00.\x08\x00\x00\x00\x00\x06\
\x00\x00\x00\x0b&Save As...\x07\
\x00\x00\x00\x11ImageEditorD\
ialog\x01\x03\x00\x00\x00\x08\x00&\x04\x12\x04\
8\x044\x08\x00\x00\x00\x00\x06\x00\x00\x00\x05&Vi\
ew\x07\x00\x00\x00\x11ImageEdit\
orDialog\x01\x03\x00\x00\x00\x16\x04\x10\
\x042\x04B\x04>\x04>\x041\x04@\x045\x047\
\x04:\x040\x08\x00\x00\x00\x00\x06\x00\x00\x00\x08Au\
tocrop\x07\x00\x00\x00\x11Image\
EditorDialog\x01\x03\x00\x00\
\x00:\x04\x1e\x04B\x04:\x04@\x04K\x04B\x04L\
\x00 \x042\x00 \x04?\x04@\x04>\x043\x04@\
\x040\x04<\x04<\x045\x00 \x04?\x04@\x04>\
\x04A\x04<\x04>\x04B\x04@\x040\x08\x00\x00\x00\
\x00\x06\x00\x00\x00\x10Browse in \
viewer\x07\x00\x00\x00\x11Image\
EditorDialog\x01\x03\x00\x00\
\x00\x0c\x04\x1a\x040\x04<\x045\x04@\x040\x08\x00\
\x00\x00\x00\x06\x00\x00\x00\x06Camera\x07\x00\
\x00\x00\x11ImageEditorDi\
alog\x01\x03\x00\x00\x00\x1a\x04\x1e\x04H\x048\
\x041\x04:\x040\x00 \x04:\x040\x04<\x045\
\x04@\x04K\x08\x00\x00\x00\x00\x06\x00\x00\x00\x0cCa\
mera Error\x07\x00\x00\x00\x11I\
mageEditorDialog\
\x01\x03\x00\x00\x00\x0c\x04\x1e\x04B\x04<\x045\x04=\
\x040\x08\x00\x00\x00\x00\x06\x00\x00\x00\x06Canc\
el\x07\x00\x00\x00\x11ImageEdit\
orDialog\x01\x03\x00\x00\x00\x86\x04\x1f\
\x04>\x04;\x04C\x04G\x045\x04=\x04=\x04K\
\x045\x00 \x044\x040\x04=\x04=\x04K\x045\
\x00 \x04=\x045\x00 \x04O\x042\x04;\x04O\
\x04N\x04B\x04A\x04O\x00 \x048\x047\x04>\
\x041\x04@\x040\x046\x045\x04=\x048\x045\
\x04<\x00 \x04?\x04>\x044\x044\x045\x04@\
\x046\x048\x042\x040\x045\x04<\x04>\x043\
\x04>\x00 \x04D\x04>\x04@\x04<\x040\x04B\
\x040\x00.\x08\x00\x00\x00\x00\x06\x00\x00\x00'Ca\
ptured data is n\
ot a supported i\
mage.\x07\x00\x00\x00\x11ImageE\
ditorDialog\x01\x03\x00\x00\x00\
*\x04!\x04J\x04Q\x04<\x04:\x040\x00 \x04\
8\x047\x04>\x041\x04@\x040\x046\x045\x04\
=\x048\x04O\x00.\x00.\x00.\x08\x00\x00\x00\x00\
\x06\x00\x00\x00\x12Capturing i\
mage...\x07\x00\x00\x00\x11Imag\
eEditorDialog\x01\x03\x00\
\x00\x00\x14\x04\x1a\x04>\x04?\x048\x04@\x04>\x04\
2\x040\x04B\x04L\x08\x00\x00\x00\x00\x06\x00\x00\x00\
\x04Copy\x07\x00\x00\x00\x11ImageE\
ditorDialog\x01\x03\x00\x00\x00\
\x16\x04\x1e\x041\x04@\x045\x047\x040\x04B\x04\
L\x00.\x00.\x00.\x08\x00\x00\x00\x00\x06\x00\x00\x00\
\x07Crop...\x07\x00\x00\x00\x11Ima\
geEditorDialog\x01\x03\
\x00\x00\x00.\x04\x12\x04K\x04@\x045\x047\x040\
\x04B\x04L\x00 \x04;\x045\x042\x04C\x04N\
\x00 \x04?\x04>\x04;\x04>\x042\x048\x04=\
\x04C\x08\x00\x00\x00\x00\x06\x00\x00\x00\x0dCut \
left half\x07\x00\x00\x00\x11Im\
ageEditorDialog\x01\
\x03\x00\x00\x000\x04\x12\x04K\x04@\x045\x047\x04\
0\x04B\x04L\x00 \x04?\x04@\x040\x042\x04\
C\x04N\x00 \x04?\x04>\x04;\x04>\x042\x04\
8\x04=\x04C\x08\x00\x00\x00\x00\x06\x00\x00\x00\x0eC\
ut right half\x07\x00\x00\
\x00\x11ImageEditorDia\
log\x01\x03\x00\x00\x00(\x04\x11\x04>\x04;\x04\
L\x04H\x045\x00 \x04=\x045\x00 \x04?\x04\
>\x04:\x040\x047\x04K\x042\x040\x04B\x04\
L\x08\x00\x00\x00\x00\x06\x00\x00\x00\x15Don't\
 show this again\
\x07\x00\x00\x00\x11ImageEditor\
Dialog\x01\x03\x00\x00\x00\x14\x04!\x04:\
\x040\x04G\x048\x042\x040\x04=\x048\x045\
\x08\x00\x00\x00\x00\x06\x00\x00\x00\x0bDownlo\
ading\x07\x00\x00\x00\x11ImageE\
ditorDialog\x01\x03\x00\x00\x00\
.\x04!\x04:\x040\x04G\x048\x042\x040\x04\
=\x048\x045\x00 \x04\x18\x04\x18\x00 \x04<\x04\
>\x044\x045\x04;\x048\x00 \x00%\x00s\x08\
\x00\x00\x00\x00\x06\x00\x00\x00\x17Downloa\
ding AI model %s\
\x07\x00\x00\x00\x11ImageEditor\
Dialog\x01\x03\x00\x00\x00>\x04!\x04:\
\x040\x04G\x048\x042\x040\x04=\x048\x045\
\x00 \x04\x18\x04\x18\x00 \x04<\x04>\x044\x045\
\x04;\x048\x00 \x00%\x00s\x00 \x00(\x00%\
\x00d\x00 \x04\x1c\x04\x11\x00)\x08\x00\x00\x00\x00\x06\
\x00\x00\x00\x1fDownloading \
AI model %s (%d \
MB)\x07\x00\x00\x00\x11ImageEdi\
torDialog\x01\x03\x00\x00\x00\x0c\x04\
\x12\x00&\x04K\x04E\x04>\x044\x08\x00\x00\x00\x00\
\x06\x00\x00\x00\x05E&xit\x07\x00\x00\x00\x11I\
mageEditorDialog\
\x01\x03\x00\x00\x00,\x04\x1d\x045\x00 \x04C\x044\
\x040\x04;\x04>\x04A\x04L\x00 \x04A\x04:\
\x040\x04G\x040\x04B\x04L\x00:\x00 \x00%\
\x00s\x08\x00\x00\x00\x00\x06\x00\x00\x00\x16Fail\
ed to download: \
%s\x07\x00\x00\x00\x11ImageEdit\
orDialog\x01\x03\x00\x00\x00\x1a\x04\x12\
\x04>\x00 \x042\x045\x04A\x04L\x00 \x04M\
\x04:\x04@\x040\x04=\x08\x00\x00\x00\x00\x06\x00\x00\
\x00\x0bFull Screen\x07\x00\x00\
\x00\x11ImageEditorDia\
log\x01\x03\x00\x00\x00(\x04 \x045\x044\x04\
0\x04:\x04B\x04>\x04@\x00 \x048\x047\x04\
>\x041\x04@\x040\x046\x045\x04=\x048\x04\
9\x08\x00\x00\x00\x00\x06\x00\x00\x00\x0cImage\
 editor\x07\x00\x00\x00\x11Imag\
eEditorDialog\x01\x03\x00\
\x00\x00T\x04\x18\x047\x04>\x041\x04@\x040\x04\
6\x045\x04=\x048\x045\x00 \x048\x047\x04\
<\x045\x04=\x045\x04=\x04>\x00.\x00 \x04\
!\x04>\x04E\x04@\x040\x04=\x048\x04B\x04\
L\x00 \x048\x047\x04<\x045\x04=\x045\x04\
=\x048\x04O\x00?\x08\x00\x00\x00\x00\x06\x00\x00\x00\
 Image was chang\
ed. Save changes\
?\x07\x00\x00\x00\x11ImageEdito\
rDialog\x01\x03\x00\x00\x00\x12\x04\x1d\x04\
0\x042\x048\x043\x040\x04F\x048\x04O\x08\
\x00\x00\x00\x00\x06\x00\x00\x00\x0aNavigat\
ion\x07\x00\x00\x00\x11ImageEdi\
torDialog\x01\x03\x00\x00\x00*\x04\
!\x04;\x045\x044\x04C\x04N\x04I\x045\x04\
5\x00 \x048\x047\x04>\x041\x04@\x040\x04\
6\x045\x04=\x048\x045\x08\x00\x00\x00\x00\x06\x00\
\x00\x00\x0aNext image\x07\x00\x00\
\x00\x11ImageEditorDia\
log\x01\x03\x00\x00\x00 \x04!\x04;\x045\x04\
4\x04C\x04N\x04I\x040\x04O\x00 \x047\x04\
0\x04?\x048\x04A\x04L\x08\x00\x00\x00\x00\x06\x00\
\x00\x00\x0bNext record\x07\x00\
\x00\x00\x11ImageEditorDi\
alog\x01\x03\x00\x00\x00\xa6\x04\x1a\x040\x04<\
\x045\x04@\x040\x00 \x00l\x00i\x00b\x00g\
\x00p\x00h\x00o\x00t\x00o\x002\x00 \x04=\
\x045\x00 \x04=\x040\x04A\x04B\x04@\x04>\
\x045\x04=\x040\x00.\x00 \x04\x1e\x04B\x04:\
\x04@\x04>\x049\x04B\x045\x00 \x00\xab\x04\x1a\
\x040\x04<\x045\x04@\x040\x00 \x00(\x00l\
\x00i\x00b\x00g\x00p\x00h\x00o\x00t\x00o\
\x002\x00)\x00\xbb\x00,\x00 \x04G\x04B\x04>\
\x041\x04K\x00 \x04=\x040\x04A\x04B\x04@\
\x04>\x048\x04B\x04L\x00 \x045\x04Q\x00.\
\x08\x00\x00\x00\x00\x06\x00\x00\x00NNo lib\
gphoto2 camera i\
s configured. Op\
en Camera (libgp\
hoto2) to config\
ure one.\x07\x00\x00\x00\x11Ima\
geEditorDialog\x01\x03\
\x00\x00\x00\x18\x04\x1e\x04B\x04:\x04@\x04K\x04B\
\x04L\x00 \x04D\x040\x049\x04;\x08\x00\x00\x00\
\x00\x06\x00\x00\x00\x09Open File\x07\
\x00\x00\x00\x11ImageEditorD\
ialog\x01\x03\x00\x00\x00\x10\x04\x12\x04A\x04\
B\x040\x042\x048\x04B\x04L\x08\x00\x00\x00\x00\
\x06\x00\x00\x00\x05Paste\x07\x00\x00\x00\x11I\
mageEditorDialog\
\x01\x03\x00\x00\x00,\x04\x1f\x04@\x045\x044\x04K\
\x044\x04C\x04I\x045\x045\x00 \x048\x047\
\x04>\x041\x04@\x040\x046\x045\x04=\x048\
\x045\x08\x00\x00\x00\x00\x06\x00\x00\x00\x0ePrev\
ious image\x07\x00\x00\x00\x11I\
mageEditorDialog\
\x01\x03\x00\x00\x00\x22\x04\x1f\x04@\x045\x044\x04K\
\x044\x04C\x04I\x040\x04O\x00 \x047\x040\
\x04?\x048\x04A\x04L\x08\x00\x00\x00\x00\x06\x00\x00\
\x00\x0fPrevious recor\
d\x07\x00\x00\x00\x11ImageEdito\
rDialog\x01\x03\x00\x00\x00\x12\x04\x1f\x04\
>\x042\x04B\x04>\x04@\x048\x04B\x04L\x08\
\x00\x00\x00\x00\x06\x00\x00\x00\x04Redo\x07\x00\x00\
\x00\x11ImageEditorDia\
log\x01\x03\x00\x00\x00\x16\x04#\x044\x040\x04\
;\x048\x04B\x04L\x00 \x04D\x04>\x04=\x08\
\x00\x00\x00\x00\x06\x00\x00\x00\x11Remove \
background\x07\x00\x00\x00\x11I\
mageEditorDialog\
\x01\x03\x00\x00\x00\x1e\x04\x1f\x04>\x042\x045\x04@\
\x04=\x04C\x04B\x04L\x00 \x042\x04;\x045\
\x042\x04>\x08\x00\x00\x00\x00\x06\x00\x00\x00\x0eRo\
tate to Left\x07\x00\x00\x00\
\x11ImageEditorDial\
og\x01\x03\x00\x00\x00 \x04\x1f\x04>\x042\x045\
\x04@\x04=\x04C\x04B\x04L\x00 \x042\x04?\
\x04@\x040\x042\x04>\x08\x00\x00\x00\x00\x06\x00\x00\
\x00\x0fRotate to Righ\
t\x07\x00\x00\x00\x11ImageEdito\
rDialog\x01\x03\x00\x00\x00\x14\x04\x1f\x04\
>\x042\x04>\x04@\x04>\x04B\x00.\x00.\x00\
.\x08\x00\x00\x00\x00\x06\x00\x00\x00\x09Rotat\
e...\x07\x00\x00\x00\x11ImageEd\
itorDialog\x01\x03\x00\x00\x00\x12\
\x04!\x04>\x04E\x04@\x040\x04=\x048\x04B\
\x04L\x08\x00\x00\x00\x00\x06\x00\x00\x00\x04Save\
\x07\x00\x00\x00\x11ImageEditor\
Dialog\x01\x03\x00\x00\x00N\x04!\x04>\
\x04E\x04@\x040\x04=\x048\x04B\x04L\x00 \
\x048\x047\x04<\x045\x04=\x045\x04=\x048\
\x04O\x00 \x042\x00 \x04M\x04B\x04>\x04<\
\x00 \x048\x047\x04>\x041\x04@\x040\x046\
\x045\x04=\x048\x048\x00?\x08\x00\x00\x00\x00\x06\
\x00\x00\x00\x1eSave changes\
 to current imag\
e?\x07\x00\x00\x00\x11ImageEdit\
orDialog\x01\x03\x00\x00\x00\x18\x04\x1d\
\x040\x04A\x04B\x04@\x04>\x049\x04:\x048\
\x00.\x00.\x00.\x08\x00\x00\x00\x00\x06\x00\x00\x00\x0b\
Settings...\x07\x00\x00\x00\x11\
ImageEditorDialo\
g\x01\x03\x00\x00\x006\x04\x1f\x04>\x04:\x040\x04\
7\x04K\x042\x040\x04B\x04L\x00 \x04?\x04\
0\x04=\x045\x04;\x04L\x00 \x04=\x040\x04\
2\x048\x043\x040\x04F\x048\x048\x08\x00\x00\
\x00\x00\x06\x00\x00\x00\x11Show Scro\
ll Panel\x07\x00\x00\x00\x11Ima\
geEditorDialog\x01\x03\
\x00\x00\x002\x04\x1f\x04>\x04:\x040\x047\x040\
\x04B\x04L\x00 \x04A\x04B\x04@\x04>\x04:\
\x04C\x00 \x04A\x04>\x04A\x04B\x04>\x04O\
\x04=\x048\x04O\x08\x00\x00\x00\x00\x06\x00\x00\x00\x0f\
Show Status Bar\x07\
\x00\x00\x00\x11ImageEditorD\
ialog\x01\x03\x00\x00\x008\x04\x1f\x04>\x04\
:\x040\x047\x040\x04B\x04L\x00 \x04?\x04\
0\x04=\x045\x04;\x04L\x00 \x048\x04=\x04\
A\x04B\x04@\x04C\x04<\x045\x04=\x04B\x04\
>\x042\x08\x00\x00\x00\x00\x06\x00\x00\x00\x0dSho\
w Tool Bar\x07\x00\x00\x00\x11I\
mageEditorDialog\
\x01\x03\x00\x00\x00\x10\x04\x1e\x04B\x04<\x045\x04=\
\x048\x04B\x04L\x08\x00\x00\x00\x00\x06\x00\x00\x00\x04\
Undo\x07\x00\x00\x00\x11ImageEd\
itorDialog\x01\x03\x00\x00\x00\x1e\
\x04#\x042\x045\x04;\x048\x04G\x048\x04B\
\x04L\x00 \x00(\x002\x005\x00%\x00)\x08\x00\
\x00\x00\x00\x06\x00\x00\x00\x0eZoom &In\
 (25%)\x07\x00\x00\x00\x11Image\
EditorDialog\x01\x03\x00\x00\
\x00\x1e\x04#\x04<\x045\x04=\x04L\x04H\x048\
\x04B\x04L\x00 \x00(\x002\x005\x00%\x00)\
\x08\x00\x00\x00\x00\x06\x00\x00\x00\x0fZoom &\
Out (25%)\x07\x00\x00\x00\x11Im\
ageEditorDialog\x01\
\x03\x00\x00\x00T\x04\x18\x047\x04>\x041\x04@\x04\
0\x046\x045\x04=\x048\x045\x00 \x048\x04\
7\x04<\x045\x04=\x045\x04=\x04>\x00.\x00\
 \x04!\x04>\x04E\x04@\x040\x04=\x048\x04\
B\x04L\x00 \x048\x047\x04<\x045\x04=\x04\
5\x04=\x048\x04O\x00?\x08\x00\x00\x00\x00\x06\x00\
\x00\x00 Image was cha\
nged. Save chang\
es?\x07\x00\x00\x00\x11ImageEdi\
torWindow\x01\x03\x00\x00\x00$\x04\
\x1e\x04B\x04:\x04@\x04K\x04B\x04L\x00 \x04\
:\x040\x04B\x040\x04;\x04>\x043\x00.\x00\
.\x00.\x08\x00\x00\x00\x00\x06\x00\x00\x00\x0eOpe\
n folder...\x07\x00\x00\x00\x11\
ImageEditorWindo\
w\x01\x03\x00\x00\x00B\x04\x1e\x04B\x04:\x04@\x04\
K\x04B\x048\x045\x00 \x04:\x040\x04B\x04\
0\x04;\x04>\x043\x040\x00 \x04A\x00 \x04\
8\x047\x04>\x041\x04@\x040\x046\x045\x04\
=\x048\x04O\x04<\x048\x08\x00\x00\x00\x00\x06\x00\
\x00\x00\x11Open image fo\
lder\x07\x00\x00\x00\x11ImageEd\
itorWindow\x01\x03\x00\x00\x00\x12\
\x04!\x04>\x04E\x04@\x040\x04=\x048\x04B\
\x04L\x08\x00\x00\x00\x00\x06\x00\x00\x00\x04Save\
\x07\x00\x00\x00\x11ImageEditor\
Window\x01\x03\x00\x00\x00\x08\x04#\x043\
\x04>\x04;\x08\x00\x00\x00\x00\x06\x00\x00\x00\x05An\
gle\x07\x00\x00\x00\x0cRotateDi\
alog\x01\x03\x00\x00\x00,\x04\x10\x042\x04B\
\x04>\x04<\x040\x04B\x048\x04G\x045\x04A\
\x04:\x040\x04O\x00 \x04>\x041\x04@\x045\
\x047\x04:\x040\x08\x00\x00\x00\x00\x06\x00\x00\x00\x09\
Auto crop\x07\x00\x00\x00\x0cRo\
tateDialog\x01\x03\x00\x00\x00\x0e\
\x04\x1f\x04>\x042\x04>\x04@\x04>\x04B\x08\x00\
\x00\x00\x00\x06\x00\x00\x00\x06Rotate\x07\x00\
\x00\x00\x0cRotateDialog\x01\
\x03\x00\x00\x00\x1c\x04\x1f\x04>\x04:\x040\x047\x04\
0\x04B\x04L\x00 \x04A\x045\x04B\x04:\x04\
C\x08\x00\x00\x00\x00\x06\x00\x00\x00\x09Show \
grid\x07\x00\x00\x00\x0cRotateD\
ialog\x01\x03\x00\x00\x006\x04\x18\x04\x18\x00\
 \x04<\x04>\x044\x045\x04;\x04L\x00 \x04\
4\x04;\x04O\x00 \x04C\x044\x040\x04;\x04\
5\x04=\x048\x04O\x00 \x04D\x04>\x04=\x04\
0\x08\x00\x00\x00\x00\x06\x00\x00\x00\x1bBackg\
round remover AI\
 model\x07\x00\x00\x00\x0eSetti\
ngsDialog\x01\x03\x00\x00\x008\x04\
\x1e\x041\x04@\x045\x047\x040\x04B\x04L\x00\
 \x04?\x04>\x04A\x04;\x045\x00 \x04C\x04\
4\x040\x04;\x045\x04=\x048\x04O\x00 \x04\
D\x04>\x04=\x040\x08\x00\x00\x00\x00\x06\x00\x00\x00\
\x1dCrop after back\
ground remover\x07\x00\
\x00\x00\x0eSettingsDialo\
g\x01\x03\x00\x00\x00\x12\x04\x1d\x040\x04A\x04B\x04\
@\x04>\x049\x04:\x048\x08\x00\x00\x00\x00\x06\x00\
\x00\x00\x08Settings\x07\x00\x00\x00\x0e\
SettingsDialog\x01\x03\
\x00\x00\x00\x1c\x04&\x042\x045\x04B\x00 \x04D\
\x04>\x04=\x040\x00 \x04>\x04:\x04=\x040\
\x08\x00\x00\x00\x00\x06\x00\x00\x00\x17Window\
 background colo\
r\x07\x00\x00\x00\x0eSettingsDi\
alog\x01\x03\x00\x00\x00\x08\x04&\x042\x045\
\x04B\x08\x00\x00\x00\x00\x06\x00\x00\x00\x05Colo\
r\x07\x00\x00\x00\x14WindowSett\
ingsDialog\x01\x03\x00\x00\x00*\
\x04&\x042\x045\x04B\x00 \x04D\x04>\x04=\
\x040\x00 \x048\x047\x04>\x041\x04@\x040\
\x046\x045\x04=\x048\x04O\x08\x00\x00\x00\x00\x06\
\x00\x00\x00\x16Image backgr\
ound color\x07\x00\x00\x00\x14W\
indowSettingsDia\
log\x01\x03\x00\x00\x00\x14\x04\x1f\x04@\x04>\x04\
7\x04@\x040\x04G\x04=\x04K\x049\x08\x00\x00\
\x00\x00\x06\x00\x00\x00\x0bTranspare\
nt\x07\x00\x00\x00\x14WindowSet\
tingsDialog\x01\x03\x00\x00\x00\
\x1e\x04\x12\x04A\x045\x00 \x04D\x040\x049\x04\
;\x04K\x00 \x00(\x00*\x00.\x00*\x00)\x08\
\x00\x00\x00\x00\x06\x00\x00\x00\x0fAll fil\
es (*.*)\x07\x00\x00\x00\x10rea\
dImageFilters\x01\x03\x00\
\x00\x00 \x04\x18\x047\x04>\x041\x04@\x040\x04\
6\x045\x04=\x048\x04O\x00 \x00(\x00%\x00\
s\x00)\x08\x00\x00\x00\x00\x06\x00\x00\x00\x0bIma\
ges (%s)\x07\x00\x00\x00\x10rea\
dImageFilters\x01\x03\x00\
\x00\x00\x1e\x04\x12\x04A\x045\x00 \x04D\x040\x04\
9\x04;\x04K\x00 \x00(\x00*\x00.\x00*\x00\
)\x08\x00\x00\x00\x00\x06\x00\x00\x00\x0fAll f\
iles (*.*)\x07\x00\x00\x00\x10s\
aveImageFilters\x01\
\x88\x00\x00\x00\x0d\x11\x01\xfd)\x0b\xff\x14\x02\x04\xfd,\
\x0a\x13\
\x00\x00\x1c\xcf\
<\
\xb8d\x18\xca\xef\x9c\x95\xcd!\x1c\xbf`\xa1\xbd\xdd\xa7\
\x00\x00\x00\x02ukB\x00\x00\x02P\x00\x00\x00X\x00\
\x00\x0cV\x00\x00\x00Y\x00\x00\x0d\x0c\x00\x00\x05\xb1\x00\
\x00\x0cx\x00\x00\x05\xb2\x00\x00\x0c\x9d\x00\x00\x05\xb3\x00\
\x00\x0c\xc2\x00\x00\x05\xb4\x00\x00\x0c\xe7\x00\x00\x05\xc1\x00\
\x00\x0d.\x00\x00\x05\xc2\x00\x00\x0dS\x00\x00\x05\xc3\x00\
\x00\x0dx\x00\x00\x05\xc4\x00\x00\x0d\x9d\x00\x04\x8c\xaf\x00\
\x00\x0a\xf2\x00\x04\xa6y\x00\x00\x12P\x00\x04\xa9`\x00\
\x00\x0bJ\x00\x05\x8bt\x00\x00\x0b\xae\x00\x05\x8b\xa4\x00\
\x00\x0b\xed\x00\x05\x8b\xaf\x00\x00\x15\xf2\x00\x05\x98\xc5\x00\
\x00\x17\x1c\x00\x05\xc4\xaf\x00\x00\x18*\x00\x105\xbe\x00\
\x00\x03t\x00*\xbb\x04\x00\x00\x0eD\x00*\xd0%\x00\
\x00\x0e\x87\x00+\xcf\xc7\x00\x00\x0f\xab\x00G\xdf\x04\x00\
\x00\x12\xcf\x00HN%\x00\x00\x19O\x00V\x8a\xa5\x00\
\x00\x15\xb7\x00Y\xf6d\x00\x00\x080\x00]\xfb\xa8\x00\
\x00\x0c&\x01\xcdQN\x00\x00\x01\xa1\x02X\xa3\xd3\x00\
\x00\x06\x0a\x02\xda\xb7>\x00\x00\x06\xe7\x02\xe1x\xce\x00\
\x00\x00\xaf\x03VG>\x00\x00\x05\xa9\x03\xd9\x80\xd9\x00\
\x00\x18\xb8\x04\x8e*9\x00\x00\x13\xdf\x04\xa0\x8a%\x00\
\x00\x0b\x1d\x04\xeb\xfd\xf4\x00\x00\x0b}\x04\xfeM\x9e\x00\
\x00\x117\x05Q\x0a5\x00\x00\x0f\x0e\x05\x96\xa8\xa5\x00\
\x00\x19\xcb\x05\xd7I^\x00\x00\x13\x08\x06l\x13\xbe\x00\
\x00\x19\x09\x06t{\x89\x00\x00\x18f\x06\x96\xb1\x04\x00\
\x00\x1a\x00\x06\xf0\xf7N\x00\x00\x0aN\x07! \xe5\x00\
\x00\x02\x89\x07c\xd9\xce\x00\x00\x0f^\x07\xd4\xa5\xe2\x00\
\x00\x00`\x07\xd4\xa5\xe2\x00\x00\x10\xe9\x08\x186\x1f\x00\
\x00\x13S\x08\xda4\xd7\x00\x00\x0e\xbc\x09K\xbbT\x00\
\x00\x07b\x09\x5c:\xa2\x00\x00\x10y\x09\x8cv\xd3\x00\
\x00\x0d\xc2\x09\xa1\xb6\xd5\x00\x00\x09\x93\x0az\x9d\x1e\x00\
\x00\x04\x86\x0a\x8a:n\x00\x00\x16\xd9\x0a\x961N\x00\
\x00\x12\x8c\x0b\x16\xe1\xa0\x00\x00\x19{\x0bF\x1a)\x00\
\x00\x0f\xde\x0b\xad\x83~\x00\x00\x06r\x0b\xb0\xd3^\x00\
\x00\x03\xf5\x0b\xc4\xe5\x8e\x00\x00\x02\x1f\x0b\xd2\xd3$\x00\
\x00\x16\x80\x0c\x04\x9aE\x00\x00\x0e\x03\x0cW\x8b\xee\x00\
\x00\x08f\x0cW\x8e\xee\x00\x00\x14\x97\x0c\xb5\xad\xe0\x00\
\x00\x101\x0dP\xbb\xf2\x00\x00\x17V\x0d\xa7\xa2\xd9\x00\
\x00\x00\x00\x0d\xa8\xde\x82\x00\x00\x17\xb9\x0d\xbd\x894\x00\
\x00\x16.\x0f\x01\xaeN\x00\x00\x03\x13\x0f\x01\xaeN\x00\
\x00\x11\xf0\x0fA\xfd.\x00\x00\x05\x11i\x00\x00\x1aL\
\x03\x00\x00\x00&\x04\x1a\x040\x04<\x045\x04@\x04\
0\x00 \x00(\x00l\x00i\x00b\x00g\x00p\x00\
h\x00o\x00t\x00o\x002\x00)\x08\x00\x00\x00\x00\
\x06\x00\x00\x00\x13Camera (lib\
gphoto2)\x07\x00\x00\x00\x12Cam\
eraGPhotoDialog\x01\
\x03\x00\x00\x00\x1c\x04\x1f\x04>\x04<\x048\x04;\x04\
:\x040\x00 \x04:\x040\x04<\x045\x04@\x04\
8\x08\x00\x00\x00\x00\x06\x00\x00\x00\x0cCamer\
a Error\x07\x00\x00\x00\x12Came\
raGPhotoDialog\x01\x03\
\x00\x00\x00\x88\x04\x1a\x040\x04<\x045\x04@\x040\
\x00 \x04=\x045\x044\x04>\x04A\x04B\x04C\
\x04?\x04=\x040\x00;\x00 \x04?\x04>\x04:\
\x040\x047\x040\x04=\x04>\x00 \x047\x041\
\x045\x04@\x045\x046\x045\x04=\x04V\x00 \
\x04=\x040\x04;\x040\x04H\x04B\x04C\x042\
\x040\x04=\x04=\x04O\x00.\x00 \x04\x17\x049\
\x04>\x04<\x04:\x04C\x00 \x042\x048\x04<\
\x04:\x04=\x045\x04=\x04>\x00.\x08\x00\x00\x00\
\x00\x06\x00\x00\x00CCamera is \
unavailable; sho\
wing saved setti\
ngs. Capture is \
disabled.\x07\x00\x00\x00\x12Ca\
meraGPhotoDialog\
\x01\x03\x00\x00\x00@\x04\x1d\x040\x04;\x040\x04H\
\x04B\x04C\x042\x040\x04=\x04=\x04O\x00 \
\x04:\x040\x04<\x045\x04@\x048\x00 \x047\
\x040\x042\x040\x04=\x04B\x040\x046\x045\
\x04=\x04>\x00.\x08\x00\x00\x00\x00\x06\x00\x00\x00\x17\
Camera settings \
loaded.\x07\x00\x00\x00\x12Came\
raGPhotoDialog\x01\x03\
\x00\x00\x004\x04\x1d\x045\x00 \x042\x044\x040\
\x04;\x04>\x04A\x04O\x00 \x047\x04@\x04>\
\x041\x048\x04B\x048\x00 \x047\x04=\x04V\
\x04<\x04>\x04:\x00.\x08\x00\x00\x00\x00\x06\x00\x00\
\x00\x0fCapture failed\
.\x07\x00\x00\x00\x12CameraGPho\
toDialog\x01\x03\x00\x00\x00L\x04\x17\
\x049\x04>\x04<\x04:\x040\x00 \x042\x00 \
\x04@\x045\x046\x048\x04<\x04V\x00 \x04?\
\x04>\x04?\x045\x04@\x045\x044\x04=\x04L\
\x04>\x043\x04>\x00 \x04?\x045\x04@\x045\
\x043\x04;\x04O\x044\x04C\x08\x00\x00\x00\x00\x06\
\x00\x00\x00\x17Capture in p\
review mode\x07\x00\x00\x00\x12\
CameraGPhotoDial\
og\x01\x03\x00\x00\x00(\x04\x17\x049\x04>\x04<\
\x04:\x040\x00 \x047\x04>\x041\x04@\x040\
\x046\x045\x04=\x04=\x04O\x00.\x00.\x00.\
\x08\x00\x00\x00\x00\x06\x00\x00\x00\x12Captur\
ing image...\x07\x00\x00\x00\
\x12CameraGPhotoDia\
log\x01\x03\x00\x00\x00F\x04!\x04B\x042\x04\
>\x04@\x045\x04=\x04=\x04O\x00 \x04?\x04\
>\x04?\x045\x04@\x045\x044\x04=\x04L\x04\
>\x043\x04>\x00 \x04?\x045\x04@\x045\x04\
3\x04;\x04O\x044\x04C\x00.\x00.\x00.\x08\
\x00\x00\x00\x00\x06\x00\x00\x00\x14Capturi\
ng preview...\x07\x00\x00\
\x00\x12CameraGPhotoDi\
alog\x01\x03\x00\x00\x00J\x04\x1d\x045\x00 \
\x042\x044\x040\x04;\x04>\x04A\x04O\x00 \
\x04V\x04=\x04V\x04F\x04V\x040\x04;\x04V\
\x047\x04C\x042\x040\x04B\x048\x00 \x00l\
\x00i\x00b\x00g\x00p\x00h\x00o\x00t\x00o\
\x002\x00.\x08\x00\x00\x00\x00\x06\x00\x00\x00 Co\
uld not initiali\
ze libgphoto2.\x07\x00\
\x00\x00\x12CameraGPhotoD\
ialog\x01\x03\x00\x00\x00F\x04\x1d\x045\x00\
 \x042\x044\x040\x04;\x04>\x04A\x04O\x00\
 \x04?\x04>\x042\x04B\x04>\x04@\x04=\x04\
>\x00 \x042\x048\x04O\x042\x048\x04B\x04\
8\x00 \x04:\x040\x04<\x045\x04@\x048\x00\
.\x08\x00\x00\x00\x00\x06\x00\x00\x00\x1eCould\
 not re-evaluate\
 cameras.\x07\x00\x00\x00\x12Ca\
meraGPhotoDialog\
\x01\x03\x00\x00\x00R\x04\x1d\x045\x00 \x042\x044\
\x040\x04;\x04>\x04A\x04O\x00 \x04?\x04@\
\x04>\x04G\x048\x04B\x040\x04B\x048\x00 \
\x04=\x040\x04;\x040\x04H\x04B\x04C\x042\
\x040\x04=\x04=\x04O\x00 \x04:\x040\x04<\
\x045\x04@\x048\x00.\x08\x00\x00\x00\x00\x06\x00\x00\
\x00\x1fCould not read\
 camera settings\
.\x07\x00\x00\x00\x12CameraGPho\
toDialog\x01\x03\x00\x00\x00&\x04\x1a\
\x040\x04<\x045\x04@\x048\x00 \x04=\x045\
\x00 \x042\x048\x04O\x042\x04;\x045\x04=\
\x04>\x00.\x08\x00\x00\x00\x00\x06\x00\x00\x00\x14No\
 cameras detecte\
d.\x07\x00\x00\x00\x12CameraGPh\
otoDialog\x01\x03\x00\x00\x00.\x04\
\x1f\x04>\x042\x04B\x04>\x04@\x04=\x04>\x00\
 \x042\x048\x04O\x042\x048\x04B\x048\x00\
 \x04:\x040\x04<\x045\x04@\x048\x08\x00\x00\
\x00\x00\x06\x00\x00\x00\x13Re-evalua\
te cameras\x07\x00\x00\x00\x12C\
ameraGPhotoDialo\
g\x01\x03\x00\x00\x006\x04\x1f\x04>\x042\x04B\x04\
>\x04@\x04=\x045\x00 \x042\x048\x04O\x04\
2\x04;\x045\x04=\x04=\x04O\x00 \x04:\x04\
0\x04<\x045\x04@\x00.\x00.\x00.\x08\x00\x00\
\x00\x00\x06\x00\x00\x00\x18Re-evalua\
ting cameras...\x07\
\x00\x00\x00\x12CameraGPhoto\
Dialog\x01\x03\x00\x00\x00:\x04'\x048\
\x04B\x040\x04=\x04=\x04O\x00 \x04=\x040\
\x04;\x040\x04H\x04B\x04C\x042\x040\x04=\
\x04L\x00 \x04:\x040\x04<\x045\x04@\x048\
\x00.\x00.\x00.\x08\x00\x00\x00\x00\x06\x00\x00\x00\x1a\
Reading camera s\
ettings...\x07\x00\x00\x00\x12C\
ameraGPhotoDialo\
g\x01\x03\x00\x00\x00x\x04\x12\x04V\x044\x04=\x04\
>\x042\x04;\x04N\x042\x040\x04B\x048\x00\
 \x04?\x04>\x04G\x040\x04B\x04:\x04>\x04\
2\x045\x00 \x04<\x04V\x04A\x04F\x045\x00\
 \x047\x041\x045\x04@\x045\x046\x045\x04\
=\x04=\x04O\x00 \x04?\x04V\x04A\x04;\x04\
O\x00 \x04:\x04>\x046\x04=\x04>\x043\x04\
>\x00 \x047\x04=\x04V\x04<\x04:\x040\x08\
\x00\x00\x00\x00\x06\x00\x00\x00/Restore\
 original captur\
e target after e\
ach shot\x07\x00\x00\x00\x12Cam\
eraGPhotoDialog\x01\
\x03\x00\x00\x00\x0a\x04\x17\x04=\x04O\x04B\x048\x08\
\x00\x00\x00\x00\x06\x00\x00\x00\x05Shoot\x07\x00\
\x00\x00\x12CameraGPhotoD\
ialog\x01\x03\x00\x00\x00\xbc\x04!\x04B\x04\
0\x04=\x044\x040\x04@\x04B\x04=\x040\x00\
 \x047\x049\x04>\x04<\x04:\x040\x00 \x04\
4\x04>\x04A\x04B\x04C\x04?\x04=\x040\x00\
 \x04;\x048\x04H\x045\x00 \x047\x040\x00\
 \x04C\x04<\x04>\x042\x048\x00 \x042\x04\
8\x041\x04>\x04@\x04C\x00 \x042\x04=\x04\
C\x04B\x04@\x04V\x04H\x04=\x04L\x04>\x04\
W\x00 \x04?\x040\x04< \x19\x04O\x04B\x04\
V\x00 \x00(\x00R\x00A\x00M\x00)\x00 \x04\
O\x04:\x00 \x04<\x04V\x04A\x04F\x04O\x00\
 \x047\x041\x045\x04@\x045\x046\x045\x04\
=\x04=\x04O\x00.\x08\x00\x00\x00\x00\x06\x00\x00\x00\
JStandard captur\
e is unavailable\
 unless an inter\
nal-RAM target i\
s selected.\x07\x00\x00\x00\x12\
CameraGPhotoDial\
og\x01\x03\x00\x00\x00j\x04\x1e\x04B\x04@\x048\
\x04<\x040\x04=\x04V\x00 \x044\x040\x04=\
\x04V\x00 \x04=\x045\x00 \x04T\x00 \x047\
\x04>\x041\x04@\x040\x046\x045\x04=\x04=\
\x04O\x04<\x00 \x04?\x04V\x044\x04B\x04@\
\x048\x04<\x04C\x042\x040\x04=\x04>\x043\
\x04>\x00 \x04D\x04>\x04@\x04<\x040\x04B\
\x04C\x08\x00\x00\x00\x00\x06\x00\x00\x00*The \
captured data is\
 not a supported\
 image\x07\x00\x00\x00\x12Camer\
aGPhotoDialog\x01\x03\x00\
\x00\x00P\x04&\x04O\x00 \x04:\x040\x04<\x04\
5\x04@\x040\x00 \x04=\x045\x00 \x04?\x04\
V\x044\x04B\x04@\x048\x04<\x04C\x04T\x00\
 \x047\x049\x04>\x04<\x04:\x04C\x00 \x04\
7\x04>\x041\x04@\x040\x046\x045\x04=\x04\
L\x00.\x08\x00\x00\x00\x00\x06\x00\x00\x00-Thi\
s camera does no\
t advertise imag\
e capture.\x07\x00\x00\x00\x12C\
ameraGPhotoDialo\
g\x01\x03\x00\x00\x00\x08\x04\x10\x042\x04B\x04>\x08\
\x00\x00\x00\x00\x06\x00\x00\x00\x04Auto\x07\x00\x00\
\x00\x0aCropDialog\x01\x03\x00\x00\
\x00\x08\x04\x1a\x04>\x04;\x04>\x08\x00\x00\x00\x00\x06\
\x00\x00\x00\x06Circle\x07\x00\x00\x00\x0aC\
ropDialog\x01\x03\x00\x00\x00\x10\x04\
\x1e\x041\x04@\x04V\x047\x040\x04B\x048\x08\
\x00\x00\x00\x00\x06\x00\x00\x00\x04Crop\x07\x00\x00\
\x00\x0aCropDialog\x01\x03\x00\x00\
\x00\x0c\x04\x12\x048\x04A\x04>\x04B\x040\x08\x00\
\x00\x00\x00\x06\x00\x00\x00\x06Height\x07\x00\
\x00\x00\x0aCropDialog\x01\x03\x00\
\x00\x00\x1c\x04'\x04>\x04B\x048\x04@\x04L\x04\
>\x04E\x04:\x04C\x04B\x04=\x048\x04:\x08\
\x00\x00\x00\x00\x06\x00\x00\x00\x04Quad\x07\x00\x00\
\x00\x0aCropDialog\x01\x03\x00\x00\
\x00\x16\x04\x1f\x04@\x04O\x04<\x04>\x04:\x04C\
\x04B\x04=\x048\x04:\x08\x00\x00\x00\x00\x06\x00\x00\
\x00\x04Rect\x07\x00\x00\x00\x0aCropD\
ialog\x01\x03\x00\x00\x00\x0c\x04(\x048\x04\
@\x048\x04=\x040\x08\x00\x00\x00\x00\x06\x00\x00\x00\
\x05Width\x07\x00\x00\x00\x0aCropD\
ialog\x01\x03\x00\x00\x00\x02\x00X\x08\x00\x00\
\x00\x00\x06\x00\x00\x00\x01X\x07\x00\x00\x00\x0aCro\
pDialog\x01\x03\x00\x00\x00\x04\x00X\x00\
1\x08\x00\x00\x00\x00\x06\x00\x00\x00\x02X1\x07\x00\x00\
\x00\x0aCropDialog\x01\x03\x00\x00\
\x00\x04\x00X\x002\x08\x00\x00\x00\x00\x06\x00\x00\x00\x02\
X2\x07\x00\x00\x00\x0aCropDialo\
g\x01\x03\x00\x00\x00\x04\x00X\x003\x08\x00\x00\x00\x00\
\x06\x00\x00\x00\x02X3\x07\x00\x00\x00\x0aCrop\
Dialog\x01\x03\x00\x00\x00\x04\x00X\x004\
\x08\x00\x00\x00\x00\x06\x00\x00\x00\x02X4\x07\x00\x00\x00\
\x0aCropDialog\x01\x03\x00\x00\x00\
\x02\x00Y\x08\x00\x00\x00\x00\x06\x00\x00\x00\x01Y\x07\x00\
\x00\x00\x0aCropDialog\x01\x03\x00\
\x00\x00\x04\x00Y\x001\x08\x00\x00\x00\x00\x06\x00\x00\x00\
\x02Y1\x07\x00\x00\x00\x0aCropDial\
og\x01\x03\x00\x00\x00\x04\x00Y\x002\x08\x00\x00\x00\
\x00\x06\x00\x00\x00\x02Y2\x07\x00\x00\x00\x0aCro\
pDialog\x01\x03\x00\x00\x00\x04\x00Y\x00\
3\x08\x00\x00\x00\x00\x06\x00\x00\x00\x02Y3\x07\x00\x00\
\x00\x0aCropDialog\x01\x03\x00\x00\
\x00\x04\x00Y\x004\x08\x00\x00\x00\x00\x06\x00\x00\x00\x02\
Y4\x07\x00\x00\x00\x0aCropDialo\
g\x01\x03\x00\x00\x00\x16\x04\x17\x041\x045\x04@\x04\
5\x043\x04B\x048\x00 \x04O\x04:\x08\x00\x00\
\x00\x00\x06\x00\x00\x00\x07Save as\x07\x00\
\x00\x00\x0fGetSaveFileNa\
me\x01\x03\x00\x00\x00\x1a\x04\x12\x04V\x044\x04:\
\x04@\x048\x04B\x048\x00 \x04D\x040\x049\
\x04;\x08\x00\x00\x00\x00\x06\x00\x00\x00\x09Open\
 File\x07\x00\x00\x00\x09ImageE\
dit\x01\x03\x00\x00\x00\x18\x00&\x04\x12\x048\x04\
?\x04@\x040\x042\x04;\x045\x04=\x04=\x04\
O\x08\x00\x00\x00\x00\x06\x00\x00\x00\x05&Edit\
\x07\x00\x00\x00\x11ImageEditor\
Dialog\x01\x03\x00\x00\x00\x0a\x00&\x04$\
\x040\x049\x04;\x08\x00\x00\x00\x00\x06\x00\x00\x00\x05\
&File\x07\x00\x00\x00\x11ImageE\
ditorDialog\x01\x03\x00\x00\x00\
\x1e\x04\x17\x040\x04?\x04>\x042\x04=\x048\x04\
B\x048\x00 \x042\x04V\x04:\x04=\x04>\x08\
\x00\x00\x00\x00\x06\x00\x00\x00\x0e&Fit to\
 Window\x07\x00\x00\x00\x11Imag\
eEditorDialog\x01\x03\x00\
\x00\x00\x1e\x04\x12\x048\x04E\x04V\x044\x04=\x04\
8\x049\x00 \x04@\x04>\x047\x04<\x04V\x04\
@\x08\x00\x00\x00\x00\x06\x00\x00\x00\x0c&Norm\
al Size\x07\x00\x00\x00\x11Imag\
eEditorDialog\x01\x03\x00\
\x00\x00\x1c\x04\x17\x041\x045\x04@\x045\x043\x04\
B\x048\x00 \x04O\x04:\x00.\x00.\x00.\x08\
\x00\x00\x00\x00\x06\x00\x00\x00\x0b&Save A\
s...\x07\x00\x00\x00\x11ImageEd\
itorDialog\x01\x03\x00\x00\x00\x08\
\x00&\x04\x12\x048\x044\x08\x00\x00\x00\x00\x06\x00\x00\
\x00\x05&View\x07\x00\x00\x00\x11Imag\
eEditorDialog\x01\x03\x00\
\x00\x00\x1e\x04\x12\x04A\x04V\x00 \x04D\x040\x04\
9\x04;\x048\x00 \x00(\x00*\x00.\x00*\x00\
)\x08\x00\x00\x00\x00\x06\x00\x00\x00\x0fAll f\
iles (*.*)\x07\x00\x00\x00\x11I\
mageEditorDialog\
\x01\x03\x00\x00\x00\x1a\x04\x10\x042\x04B\x04>\x04>\
\x041\x04@\x04V\x047\x040\x04=\x04=\x04O\
\x08\x00\x00\x00\x00\x06\x00\x00\x00\x08Autocr\
op\x07\x00\x00\x00\x11ImageEdit\
orDialog\x01\x03\x00\x00\x00:\x04\x12\
\x04V\x044\x04:\x04@\x048\x04B\x048\x00 \
\x04C\x00 \x04?\x04@\x04>\x043\x04@\x040\
\x04<\x04V\x00 \x04?\x045\x04@\x045\x043\
\x04;\x04O\x044\x04C\x08\x00\x00\x00\x00\x06\x00\x00\
\x00\x10Browse in view\
er\x07\x00\x00\x00\x11ImageEdit\
orDialog\x01\x03\x00\x00\x00\x1c\x04\x1f\
\x04>\x04<\x048\x04;\x04:\x040\x00 \x04:\
\x040\x04<\x045\x04@\x048\x08\x00\x00\x00\x00\x06\
\x00\x00\x00\x0cCamera Error\
\x07\x00\x00\x00\x11ImageEditor\
Dialog\x01\x03\x00\x00\x00l\x04\x1e\x04B\
\x04@\x048\x04<\x040\x04=\x04V\x00 \x044\
\x040\x04=\x04V\x00 \x04=\x045\x00 \x04T\
\x00 \x047\x04>\x041\x04@\x040\x046\x045\
\x04=\x04=\x04O\x04<\x00 \x04?\x04V\x044\
\x04B\x04@\x048\x04<\x04C\x042\x040\x04=\
\x04>\x043\x04>\x00 \x04D\x04>\x04@\x04<\
\x040\x04B\x04C\x00.\x08\x00\x00\x00\x00\x06\x00\x00\
\x00'Captured data \
is not a support\
ed image.\x07\x00\x00\x00\x11Im\
ageEditorDialog\x01\
\x03\x00\x00\x00(\x04\x17\x049\x04>\x04<\x04:\x04\
0\x00 \x047\x04>\x041\x04@\x040\x046\x04\
5\x04=\x04=\x04O\x00.\x00.\x00.\x08\x00\x00\
\x00\x00\x06\x00\x00\x00\x12Capturing\
 image...\x07\x00\x00\x00\x11Im\
ageEditorDialog\x01\
\x03\x00\x00\x00\x12\x04\x1a\x04>\x04?\x04V\x04N\x04\
2\x040\x04B\x048\x08\x00\x00\x00\x00\x06\x00\x00\x00\
\x04Copy\x07\x00\x00\x00\x11ImageE\
ditorDialog\x01\x03\x00\x00\x00\
\x16\x04\x1e\x041\x04@\x04V\x047\x040\x04B\x04\
8\x00.\x00.\x00.\x08\x00\x00\x00\x00\x06\x00\x00\x00\
\x07Crop...\x07\x00\x00\x00\x11Ima\
geEditorDialog\x01\x03\
\x00\x00\x00\x0e\x04\x12\x00&\x042\x048\x04E\x04V\
\x044\x08\x00\x00\x00\x00\x06\x00\x00\x00\x05E&xi\
t\x07\x00\x00\x00\x11ImageEdito\
rDialog\x01\x03\x00\x00\x00\x1a\x04\x1d\x04\
0\x00 \x042\x045\x04A\x04L\x00 \x045\x04\
:\x04@\x040\x04=\x08\x00\x00\x00\x00\x06\x00\x00\x00\
\x0bFull Screen\x07\x00\x00\x00\
\x11ImageEditorDial\
og\x01\x03\x00\x00\x00F\x04\x17\x04>\x041\x04@\
\x040\x046\x045\x04=\x04=\x04O\x00 \x047\
\x04<\x04V\x04=\x045\x04=\x04>\x00.\x00 \
\x04\x17\x041\x045\x04@\x045\x043\x04B\x048\
\x00 \x047\x04<\x04V\x04=\x048\x00?\x08\x00\
\x00\x00\x00\x06\x00\x00\x00 Image wa\
s changed. Save \
changes?\x07\x00\x00\x00\x11Ima\
geEditorDialog\x01\x03\
\x00\x00\x00d\x04\x17\x04>\x041\x04@\x040\x046\
\x045\x04=\x04=\x04O\x00 \x00(\x00*\x00.\
\x00j\x00p\x00g\x00 \x00*\x00.\x00j\x00p\
\x00e\x00g\x00 \x00*\x00.\x00b\x00m\x00p\
\x00 \x00*\x00.\x00p\x00n\x00g\x00 \x00*\
\x00.\x00t\x00i\x00f\x00f\x00 \x00*\x00.\
\x00g\x00i\x00f\x00)\x08\x00\x00\x00\x00\x06\x00\x00\
\x00.Images (*.jpg \
*.jpeg *.bmp *.p\
ng *.tiff *.gif)\
\x07\x00\x00\x00\x11ImageEditor\
Dialog\x01\x03\x00\x00\x00\xac\x04\x1a\x040\
\x04<\x045\x04@\x04C\x00 \x00l\x00i\x00b\
\x00g\x00p\x00h\x00o\x00t\x00o\x002\x00 \
\x04=\x045\x00 \x04=\x040\x04;\x040\x04H\
\x04B\x04>\x042\x040\x04=\x04>\x00.\x00 \
\x04\x12\x04V\x044\x04:\x04@\x048\x049\x04B\
\x045\x00 \x00\xab\x04\x1a\x040\x04<\x045\x04@\
\x040\x00 \x00(\x00l\x00i\x00b\x00g\x00p\
\x00h\x00o\x00t\x00o\x002\x00)\x00\xbb\x00,\
\x00 \x04I\x04>\x041\x00 \x04W\x04W\x00 \
\x04=\x040\x04;\x040\x04H\x04B\x04C\x042\
\x040\x04B\x048\x00.\x08\x00\x00\x00\x00\x06\x00\x00\
\x00NNo libgphoto2 \
camera is config\
ured. Open Camer\
a (libgphoto2) t\
o configure one.\
\x07\x00\x00\x00\x11ImageEditor\
Dialog\x01\x03\x00\x00\x00\x10\x04\x12\x04A\
\x04B\x040\x042\x048\x04B\x048\x08\x00\x00\x00\
\x00\x06\x00\x00\x00\x05Paste\x07\x00\x00\x00\x11\
ImageEditorDialo\
g\x01\x03\x00\x00\x00\x12\x04\x1f\x04>\x042\x04B\x04\
>\x04@\x048\x04B\x048\x08\x00\x00\x00\x00\x06\x00\
\x00\x00\x04Redo\x07\x00\x00\x00\x11Imag\
eEditorDialog\x01\x03\x00\
\x00\x00\x1e\x04\x1f\x04>\x042\x045\x04@\x04=\x04\
C\x04B\x048\x00 \x042\x04;\x04V\x042\x04\
>\x08\x00\x00\x00\x00\x06\x00\x00\x00\x0eRotat\
e to Left\x07\x00\x00\x00\x11Im\
ageEditorDialog\x01\
\x03\x00\x00\x00$\x04\x1f\x04>\x042\x045\x04@\x04\
=\x04C\x04B\x048\x00 \x04?\x04@\x040\x04\
2\x04>\x04@\x04C\x04G\x08\x00\x00\x00\x00\x06\x00\
\x00\x00\x0fRotate to Rig\
ht\x07\x00\x00\x00\x11ImageEdit\
orDialog\x01\x03\x00\x00\x00\x14\x04\x1f\
\x04>\x042\x04>\x04@\x04>\x04B\x00.\x00.\
\x00.\x08\x00\x00\x00\x00\x06\x00\x00\x00\x09Rota\
te...\x07\x00\x00\x00\x11ImageE\
ditorDialog\x01\x03\x00\x00\x00\
\x10\x04\x17\x041\x045\x04@\x045\x043\x04B\x04\
8\x08\x00\x00\x00\x00\x06\x00\x00\x00\x04Save\x07\
\x00\x00\x00\x11ImageEditorD\
ialog\x01\x03\x00\x00\x00.\x04\x12\x04V\x04\
4\x04>\x041\x04@\x040\x047\x048\x04B\x04\
8\x00 \x04@\x04O\x044\x04>\x04:\x00 \x04\
A\x04B\x040\x04=\x04C\x08\x00\x00\x00\x00\x06\x00\
\x00\x00\x0fShow Status B\
ar\x07\x00\x00\x00\x11ImageEdit\
orDialog\x01\x03\x00\x00\x00>\x04\x12\
\x04V\x044\x04>\x041\x04@\x040\x047\x048\
\x04B\x048\x00 \x04?\x040\x04=\x045\x04;\
\x04L\x00 \x04V\x04=\x04A\x04B\x04@\x04C\
\x04<\x045\x04=\x04B\x04V\x042\x08\x00\x00\x00\
\x00\x06\x00\x00\x00\x0dShow Tool \
Bar\x07\x00\x00\x00\x11ImageEdi\
torDialog\x01\x03\x00\x00\x00\x12\x04\
!\x04:\x040\x04A\x04C\x042\x040\x04B\x04\
8\x08\x00\x00\x00\x00\x06\x00\x00\x00\x04Undo\x07\
\x00\x00\x00\x11ImageEditorD\
ialog\x01\x03\x00\x00\x00\x1e\x04\x17\x041\x04\
V\x04;\x04L\x04H\x048\x04B\x048\x00 \x00\
(\x002\x005\x00%\x00)\x08\x00\x00\x00\x00\x06\x00\
\x00\x00\x0eZoom &In (25%\
)\x07\x00\x00\x00\x11ImageEdito\
rDialog\x01\x03\x00\x00\x00\x1c\x04\x17\x04\
<\x045\x04=\x04H\x048\x04B\x048\x00 \x00\
(\x002\x005\x00%\x00)\x08\x00\x00\x00\x00\x06\x00\
\x00\x00\x0fZoom &Out (25\
%)\x07\x00\x00\x00\x11ImageEdit\
orDialog\x01\x03\x00\x00\x00\x18\x00&\
\x04\x12\x04V\x044\x04:\x04@\x048\x04B\x048\
\x00.\x00.\x00.\x08\x00\x00\x00\x00\x06\x00\x00\x00\x08\
&Open...\x07\x00\x00\x00\x11Ima\
geEditorWindow\x01\x03\
\x00\x00\x00\x06\x04\x1a\x04C\x04B\x08\x00\x00\x00\x00\x06\
\x00\x00\x00\x05Angle\x07\x00\x00\x00\x0cRo\
tateDialog\x01\x03\x00\x00\x00&\
\x04\x10\x042\x04B\x04>\x04<\x040\x04B\x048\
\x04G\x04=\x040\x00 \x04>\x041\x04@\x04V\
\x047\x04:\x040\x08\x00\x00\x00\x00\x06\x00\x00\x00\x09\
Auto crop\x07\x00\x00\x00\x0cRo\
tateDialog\x01\x03\x00\x00\x00\x0e\
\x04\x1f\x04>\x042\x04>\x04@\x04>\x04B\x08\x00\
\x00\x00\x00\x06\x00\x00\x00\x06Rotate\x07\x00\
\x00\x00\x0cRotateDialog\x01\
\x03\x00\x00\x00\x22\x04\x12\x04V\x044\x04>\x041\x04\
@\x040\x047\x048\x04B\x048\x00 \x04A\x04\
V\x04B\x04:\x04C\x08\x00\x00\x00\x00\x06\x00\x00\x00\
\x09Show grid\x07\x00\x00\x00\x0cR\
otateDialog\x01\x88\x00\x00\x00\
\x0d\x11\x01\xfd)\x0b\xff\x14\x02\x04\xfd,\x0a\x13\
"

qt_resource_name = b"\
\x00\x08\
\x0b\xb2XG\
\x00r\
\x00e\x00d\x00o\x00.\x00p\x00n\x00g\
\x00\x0d\
\x0a\x83<G\
\x00p\
\x00a\x00g\x00e\x00_\x00c\x00o\x00p\x00y\x00.\x00p\x00n\x00g\
\x00\x09\
\x0f\xa8\xa3\x07\
\x00s\
\x00l\x00i\x00d\x00e\x00.\x00p\x00n\x00g\
\x00\x0a\
\x0c\x91g'\
\x00c\
\x00a\x00m\x00e\x00r\x00a\x00.\x00p\x00n\x00g\
\x00\x07\
\x0aZW\x87\
\x00c\
\x00o\x00g\x00.\x00p\x00n\x00g\
\x00\x16\
\x04\x06\x09\xe7\
\x00s\
\x00h\x00a\x00p\x00e\x00_\x00h\x00a\x00n\x00d\x00l\x00e\x00s\x00_\x00f\x00r\x00e\
\x00e\x00.\x00p\x00n\x00g\
\x00\x1a\
\x0a\xeb\xe2G\
\x00a\
\x00r\x00r\x00o\x00w\x00_\x00r\x00o\x00t\x00a\x00t\x00e\x00_\x00c\x00l\x00o\x00c\
\x00k\x00w\x00i\x00s\x00e\x00.\x00p\x00n\x00g\
\x00\x0d\
\x07\xf5\x8c'\
\x00a\
\x00r\x00r\x00o\x00w\x00_\x00o\x00u\x00t\x00.\x00p\x00n\x00g\
\x00\x08\
\x08\xc8Xg\
\x00s\
\x00a\x00v\x00e\x00.\x00p\x00n\x00g\
\x00\x0f\
\x0f,$\xc7\
\x00a\
\x00r\x00r\x00o\x00w\x00_\x00r\x00i\x00g\x00h\x00t\x00.\x00p\x00n\x00g\
\x00\x04\
\x00\x06\xc4\xee\
\x00i\
\x001\x008\x00n\
\x00\x0b\
\x05\x03\x9b'\
\x00z\
\x00o\x00o\x00m\x00_\x00i\x00n\x00.\x00p\x00n\x00g\
\x00\x0c\
\x06\xeb\x91\xa7\
\x00z\
\x00o\x00o\x00m\x00_\x00o\x00u\x00t\x00.\x00p\x00n\x00g\
\x00\x0e\
\x05\x12\x87\xc7\
\x00p\
\x00a\x00g\x00e\x00_\x00p\x00a\x00s\x00t\x00e\x00.\x00p\x00n\x00g\
\x00\x0e\
\x08\xfa\xe1'\
\x00a\
\x00r\x00r\x00o\x00w\x00_\x00l\x00e\x00f\x00t\x00.\x00p\x00n\x00g\
\x00\x0c\
\x09\x12z\xe7\
\x00a\
\x00r\x00r\x00o\x00w\x00_\x00i\x00n\x00.\x00p\x00n\x00g\
\x00\x08\
\x04\xb2X\xc7\
\x00u\
\x00n\x00d\x00o\x00.\x00p\x00n\x00g\
\x00\x10\
\x07U\xecG\
\x00s\
\x00h\x00a\x00p\x00e\x00_\x00c\x00i\x00r\x00c\x00l\x00e\x00.\x00p\x00n\x00g\
\x00\x0a\
\x09s\xe0G\
\x00w\
\x00e\x00b\x00c\x00a\x00m\x00.\x00p\x00n\x00g\
\x00\x11\
\x05\xa1\xff\x87\
\x00s\
\x00h\x00a\x00p\x00e\x00_\x00h\x00a\x00n\x00d\x00l\x00e\x00s\x00.\x00p\x00n\x00g\
\
\x00\x1e\
\x05\x82\xd1\x87\
\x00a\
\x00r\x00r\x00o\x00w\x00_\x00r\x00o\x00t\x00a\x00t\x00e\x00_\x00a\x00n\x00t\x00i\
\x00c\x00l\x00o\x00c\x00k\x00w\x00i\x00s\x00e\x00.\x00p\x00n\x00g\
\x00\x0a\
\x0dV\xf5\xfd\
\x00l\
\x00a\x00n\x00g\x00_\x00b\x00g\x00.\x00q\x00m\
\x00\x0a\
\x0dn%\xfd\
\x00l\
\x00a\x00n\x00g\x00_\x00i\x00t\x00.\x00q\x00m\
\x00\x0a\
\x0di%\xfd\
\x00l\
\x00a\x00n\x00g\x00_\x00p\x00t\x00.\x00q\x00m\
\x00\x0a\
\x0dR5\xfd\
\x00l\
\x00a\x00n\x00g\x00_\x00e\x00s\x00.\x00q\x00m\
\x00\x0a\
\x0dTU\xfd\
\x00l\
\x00a\x00n\x00g\x00_\x00d\x00e\x00.\x00q\x00m\
\x00\x0a\
\x0dgU\xfd\
\x00l\
\x00a\x00n\x00g\x00_\x00r\x00u\x00.\x00q\x00m\
\x00\x0a\
\x0de\xb5\xfd\
\x00l\
\x00a\x00n\x00g\x00_\x00u\x00k\x00.\x00q\x00m\
"

qt_resource_struct = b"\
\x00\x00\x00\x00\x00\x02\x00\x00\x00\x15\x00\x00\x00\x01\
\x00\x00\x00\x00\x00\x00\x00\x00\
\x00\x00\x01B\x00\x02\x00\x00\x00\x07\x00\x00\x00\x16\
\x00\x00\x00\x00\x00\x00\x00\x00\
\x00\x00\x00|\x00\x00\x00\x00\x00\x01\x00\x00\x0aW\
\x00\x00\x01\xa0\xe9\x16!A\
\x00\x00\x01\xec\x00\x00\x00\x00\x00\x01\x00\x00\x1c/\
\x00\x00\x01\xa0\xe9\x16!B\
\x00\x00\x01P\x00\x00\x00\x00\x00\x01\x00\x00\x12E\
\x00\x00\x01\xa0\xe9\x16!C\
\x00\x00\x01\x8a\x00\x00\x00\x00\x00\x01\x00\x00\x17\x12\
\x00\x00\x01\xa0\xe9\x16!>\
\x00\x00\x02j\x00\x00\x00\x00\x00\x01\x00\x00$u\
\x00\x00\x01\xa0\xe9\x16!<\
\x00\x00\x02B\x00\x00\x00\x00\x00\x01\x00\x00\x22\xad\
\x00\x00\x01\xa0\xe9\x16!@\
\x00\x00\x01l\x00\x00\x00\x00\x00\x01\x00\x00\x14\xb1\
\x00\x00\x01\xa0\xe9\x16!D\
\x00\x00\x02\x02\x00\x00\x00\x00\x00\x01\x00\x00\x1d\xa6\
\x00\x00\x01\xa0\xe9\x16!@\
\x00\x00\x00\xe8\x00\x00\x00\x00\x00\x01\x00\x00\x0d\xe9\
\x00\x00\x01\xa0\xe9\x16!;\
\x00\x00\x01\x08\x00\x00\x00\x00\x00\x01\x00\x00\x0f\x95\
\x00\x00\x01\xa0\xe9\x16!?\
\x00\x00\x01\xac\x00\x00\x00\x00\x00\x01\x00\x00\x19\x1e\
\x00\x00\x01\xa0\xe9\x16!:\
\x00\x00\x01\xce\x00\x00\x00\x00\x00\x01\x00\x00\x1a{\
\x00\x00\x01\xa0\xe9\x16!:\
\x00\x00\x02(\x00\x00\x00\x00\x00\x01\x00\x00\x1f\xfe\
\x00\x00\x01\xa0\xe9\x16!B\
\x00\x00\x00h\x00\x00\x00\x00\x00\x01\x00\x00\x08t\
\x00\x00\x01\xa0\xe9\x16!=\
\x00\x00\x00\x16\x00\x00\x00\x00\x00\x01\x00\x00\x01v\
\x00\x00\x01\xa0\xe9\x16!>\
\x00\x00\x00\xae\x00\x00\x00\x00\x00\x01\x00\x00\x0c-\
\x00\x00\x01\xa0\xe9\x16!<\
\x00\x00\x00\x00\x00\x00\x00\x00\x00\x01\x00\x00\x00\x00\
\x00\x00\x01\xa0\xe9\x16!?\
\x00\x00\x00N\x00\x00\x00\x00\x00\x01\x00\x00\x05\x07\
\x00\x00\x01\xa1\x12\xc3\xae\xbe\
\x00\x00\x01\x1e\x00\x00\x00\x00\x00\x01\x00\x00\x10\xe4\
\x00\x00\x01\xa0\xe9\x16!;\
\x00\x00\x006\x00\x00\x00\x00\x00\x01\x00\x00\x02\xba\
\x00\x00\x01\xa0\xe9\x16!B\
\x00\x00\x02\xfa\x00\x00\x00\x00\x00\x01\x00\x00\xa8\x06\
\x00\x00\x01\xa1\x12\xe1y\xef\
\x00\x00\x03\x14\x00\x00\x00\x00\x00\x01\x00\x00\xd1@\
\x00\x00\x01\xa1\x12\xe1x\xb2\
\x00\x00\x02\xac\x00\x00\x00\x00\x00\x01\x00\x00&4\
\x00\x00\x01\xa1\x12\xe1wt\
\x00\x00\x03H\x00\x00\x00\x00\x00\x01\x00\x01%\x91\
\x00\x00\x01\xa1\x12\xe1\x7f$\
\x00\x00\x03.\x00\x00\x00\x00\x00\x01\x00\x00\xfb\x0a\
\x00\x00\x01\xa1\x12\xe1}\xe8\
\x00\x00\x02\xe0\x00\x00\x00\x00\x00\x01\x00\x00}\xa4\
\x00\x00\x01\xa1\x12\xe1|\x8e\
\x00\x00\x02\xc6\x00\x00\x00\x00\x00\x01\x00\x00R\x8a\
\x00\x00\x01\xa1\x12\xe1{.\
"

def qInitResources():
    QtCore.qRegisterResourceData(0x03, qt_resource_struct, qt_resource_name, qt_resource_data)

def qCleanupResources():
    QtCore.qUnregisterResourceData(0x03, qt_resource_struct, qt_resource_name, qt_resource_data)

qInitResources()
